#
# There is insufficient memory for the Java Runtime Environment to continue.
# Native memory allocation (malloc) failed to allocate 1091744 bytes. Error detail: Chunk::new
# Possible reasons:
#   The system is out of physical RAM or swap space
#   This process is running with CompressedOops enabled, and the Java Heap may be blocking the growth of the native heap
# Possible solutions:
#   Reduce memory load on the system
#   Increase physical memory or swap space
#   Check if swap backing store is full
#   Decrease Java heap size (-Xmx/-Xms)
#   Decrease number of Java threads
#   Decrease Java thread stack sizes (-Xss)
#   Set larger code cache with -XX:ReservedCodeCacheSize=
#   JVM is running with Zero Based Compressed Oops mode in which the Java heap is
#     placed in the first 32GB address space. The Java Heap base address is the
#     maximum limit for the native heap growth. Please use -XX:HeapBaseMinAddress
#     to set the Java Heap base and to place the Java Heap above 32GB virtual address.
# This output file may be truncated or incomplete.
#
#  Out of Memory Error (arena.cpp:168), pid=43288, tid=30640
#
# JRE version: OpenJDK Runtime Environment (21.0.3) (build 21.0.3+-12282718-b509.11)
# Java VM: OpenJDK 64-Bit Server VM (21.0.3+-12282718-b509.11, mixed mode, tiered, compressed oops, compressed class ptrs, g1 gc, windows-amd64)
# No core dump will be written. Minidumps are not enabled by default on client versions of Windows
#

---------------  S U M M A R Y ------------

Command Line: --add-opens=java.base/java.lang=ALL-UNNAMED --add-opens=java.base/java.lang.invoke=ALL-UNNAMED --add-opens=java.base/java.util=ALL-UNNAMED --add-opens=java.prefs/java.util.prefs=ALL-UNNAMED --add-exports=jdk.compiler/com.sun.tools.javac.api=ALL-UNNAMED --add-exports=jdk.compiler/com.sun.tools.javac.util=ALL-UNNAMED --add-opens=java.base/java.util=ALL-UNNAMED --add-opens=java.prefs/java.util.prefs=ALL-UNNAMED --add-opens=java.base/java.nio.charset=ALL-UNNAMED --add-opens=java.base/java.net=ALL-UNNAMED --add-opens=java.base/java.util.concurrent.atomic=ALL-UNNAMED --add-opens=java.xml/javax.xml.namespace=ALL-UNNAMED -XX:MaxMetaspaceSize=4G -XX:ReservedCodeCacheSize=512m -XX:+HeapDumpOnOutOfMemoryError -Xmx8G -Dfile.encoding=UTF-8 -Duser.country=FR -Duser.language=fr -Duser.variant -javaagent:C:\Users\jobel\.gradle\wrapper\dists\gradle-8.14-all\c2qonpi39x1mddn7hk5gh9iqj\gradle-8.14\lib\agents\gradle-instrumentation-agent-8.14.jar org.gradle.launcher.daemon.bootstrap.GradleDaemon 8.14

Host: AMD Ryzen 7 5800HS with Radeon Graphics        , 16 cores, 15G,  Windows 11 , 64 bit Build 26100 (10.0.26100.8521)
Time: Mon Jun 15 13:55:55 2026 Paris, Madrid (heure duild 26100 (10.0.26100.8521) elapsed time: 50.523949 seconds (0d 0h 0m 50s)

---------------  T H R E A D  ---------------

Current thread (0x0000020a7dcd6b70):  JavaThread "C2 CompilerThread1" daemon [_thread_in_native, id=30640, stack(0x00000022b0400000,0x00000022b0500000) (1024K)]


Current CompileTask:
C2:  50524 17807       4       org.objectweb.asm.ClassWriter::toByteArray (1535 bytes)

Stack: [0x00000022b0400000,0x00000022b0500000]
Native frames: (J=compiled Java code, j=interpreted, Vv=VM code, C=native code)
V  [jvm.dll+0x6cafb9]
V  [jvm.dll+0x858523]
V  [jvm.dll+0x85aa7e]
V  [jvm.dll+0x85b163]
V  [jvm.dll+0x27d356]
V  [jvm.dll+0xbf93d]
V  [jvm.dll+0xbfe73]
V  [jvm.dll+0x3b1ceb]
V  [jvm.dll+0x37e787]
V  [jvm.dll+0x37dbfa]
V  [jvm.dll+0x246b02]
V  [jvm.dll+0x2460d1]
V  [jvm.dll+0x1c5804]
V  [jvm.dll+0x25575c]
V  [jvm.dll+0x253c36]
V  [jvm.dll+0x3ec996]
V  [jvm.dll+0x800d78]
V  [jvm.dll+0x6c98cd]
C  [ucrtbase.dll+0x2cd30]
C  [KERNEL32.DLL+0x2e957]
C  [ntdll.dll+0x87c1c]


---------------  P R O C E S S  ---------------

Threads class SMR info:
_java_thread_list=0x0000020a0146a840, length=228, elements={
0x0000020a42035f00, 0x0000020a74b925b0, 0x0000020a74bc5000, 0x0000020a74bc5b90,
0x0000020a74bc65f0, 0x0000020a74bd04e0, 0x0000020a74bd0b50, 0x0000020a74bd18e0,
0x0000020a74bf34d0, 0x0000020a71b9d180, 0x0000020a79288460, 0x0000020a7ab75ce0,
0x0000020a7ab74930, 0x0000020a7ab76a00, 0x0000020a7ab74fc0, 0x0000020a7ab75650,
0x0000020a7ab77090, 0x0000020a7ab742a0, 0x0000020a7ab73c10, 0x0000020a7addee80,
0x0000020a7addf510, 0x0000020a7adddad0, 0x0000020a7adde7f0, 0x0000020a7addc090,
0x0000020a7addc720, 0x0000020a7ade0230, 0x0000020a7addcdb0, 0x0000020a7ade08c0,
0x0000020a7ade1c70, 0x0000020a7ade2300, 0x0000020a7ade2990, 0x0000020a7ade3020,
0x0000020a7cbb64a0, 0x0000020a7cbb7ee0, 0x0000020a7cbb6b30, 0x0000020a7cbb71c0,
0x0000020a7cbb5e10, 0x0000020a7cbb5780, 0x0000020a7cbb9290, 0x0000020a7cbbcda0,
0x0000020a7cbbc710, 0x0000020a7cbbacd0, 0x0000020a7cbba640, 0x0000020a7cbb9fb0,
0x0000020a7cbbc080, 0x0000020a7cbb9920, 0x0000020a7cbbb360, 0x0000020a7cbbb9f0,
0x0000020a7d9e42b0, 0x0000020a7d9e4fd0, 0x0000020a7d9e5660, 0x0000020a7d9e4940,
0x0000020a7d9e5cf0, 0x0000020a7d9e2f00, 0x0000020a7d9e6380, 0x0000020a7d9e6a10,
0x0000020a7d9e3590, 0x0000020a7d9e70a0, 0x0000020a7d9e3c20, 0x0000020a7d9e7730,
0x0000020a7d9e7dc0, 0x0000020a7d9e8450, 0x0000020a7d9e8ae0, 0x0000020a7d9ea520,
0x0000020a7d9e9170, 0x0000020a7d9e9e90, 0x0000020a7d9e9800, 0x0000020a7957a0c0,
0x0000020a79577960, 0x0000020a795793a0, 0x0000020a79578d10, 0x0000020a7957a750,
0x0000020a79577ff0, 0x0000020a7957bb00, 0x0000020a79579a30, 0x0000020a7957ade0,
0x0000020a7957b470, 0x0000020a79578680, 0x0000020a7957c190, 0x0000020a7957ef80,
0x0000020a79d325c0, 0x0000020a79d2fe60, 0x0000020a79d318a0, 0x0000020a79d2f140,
0x0000020a79d31f30, 0x0000020a79d32c50, 0x0000020a79d2f7d0, 0x0000020a79d332e0,
0x0000020a79d34000, 0x0000020a79d33970, 0x0000020a79d30b80, 0x0000020a79d34690,
0x0000020a79d36760, 0x0000020a79d360d0, 0x0000020a79d35a40, 0x0000020a79d34d20,
0x0000020a79d353b0, 0x0000020a7d53eea0, 0x0000020a7d53cdd0, 0x0000020a7d53c740,
0x0000020a7d53d460, 0x0000020a7d53e180, 0x0000020a7d53e810, 0x0000020a7d53daf0,
0x0000020a7d53ba20, 0x0000020a7d53c0b0, 0x0000020a7d540250, 0x0000020a7d542320,
0x0000020a7d5408e0, 0x0000020a7d541600, 0x0000020a7d53f530, 0x0000020a7d53fbc0,
0x0000020a7d540f70, 0x0000020a7d541c90, 0x0000020a7d5429b0, 0x0000020a7d543040,
0x0000020a7e9e99a0, 0x0000020a7e9ea6c0, 0x0000020a7e9ece20, 0x0000020a7e9ec790,
0x0000020a7e9ead50, 0x0000020a7e9ed4b0, 0x0000020a7e9eb3e0, 0x0000020a7e9eba70,
0x0000020a7e9ea030, 0x0000020a7e9edb40, 0x0000020a7e9ec100, 0x0000020a7e9ee860,
0x0000020a7e9f02a0, 0x0000020a7e9ee1d0, 0x0000020a7e9efc10, 0x0000020a7e9eeef0,
0x0000020a7e9f0930, 0x0000020a7e9ef580, 0x0000020a7e9f0fc0, 0x0000020a7cb25230,
0x0000020a7cb21db0, 0x0000020a7cb24ba0, 0x0000020a7cb237f0, 0x0000020a7cb258c0,
0x0000020a7cb24510, 0x0000020a7cb22ad0, 0x0000020a7cb23e80, 0x0000020a7cb22440,
0x0000020a7cb23160, 0x0000020a7cb27300, 0x0000020a7cb27990, 0x0000020a7cb28020,
0x0000020a7cb293d0, 0x0000020a7cb265e0, 0x0000020a7cb286b0, 0x0000020a7cb26c70,
0x0000020a7cb28d40, 0x0000020a7cb82180, 0x0000020a7cb81af0, 0x0000020a7cb84250,
0x0000020a7cb80dd0, 0x0000020a7cb848e0, 0x0000020a7cb81460, 0x0000020a7cb82ea0,
0x0000020a7cb83530, 0x0000020a7cb83bc0, 0x0000020a7cb84f70, 0x0000020a7cb82810,
0x0000020a7cb88a80, 0x0000020a7cb87040, 0x0000020a7cb876d0, 0x0000020a7cb87d60,
0x0000020a7cb869b0, 0x0000020a7cb883f0, 0x0000020a7cb85600, 0x0000020a7cb86320,
0x0000020a7cb89110, 0x0000020a7cb85c90, 0x0000020a7cb8a4c0, 0x0000020a7cb897a0,
0x0000020a7cb8cc20, 0x0000020a7cb89e30, 0x0000020a7cb8b870, 0x0000020a7cb8c590,
0x0000020a7cb8ab50, 0x0000020a7cb8e660, 0x0000020a7cb8d2b0, 0x0000020a7cb8d940,
0x0000020a7cb8dfd0, 0x0000020a7cb8b1e0, 0x0000020a7cb8ecf0, 0x0000020a7cb8f380,
0x0000020a7cb8bf00, 0x0000020a7ee36a40, 0x0000020a7ee40130, 0x0000020a7ee42200,
0x0000020a7ee40e50, 0x0000020a7ee3ed80, 0x0000020a7ee43c40, 0x0000020a7ee44ff0,
0x0000020a7ee442d0, 0x0000020a7ee45680, 0x0000020a7ee42f20, 0x0000020a7ee435b0,
0x0000020a7ee44960, 0x0000020a7ee42890, 0x0000020a7e300f00, 0x0000020a7dcd6b70,
0x0000020a7e3022b0, 0x0000020a7e302940, 0x0000020a7e302fd0, 0x0000020a7e2ffb50,
0x0000020a7e303660, 0x0000020a7e3001e0, 0x0000020a7e303cf0, 0x0000020a7e300870,
0x0000020a7e307800, 0x0000020a7e304380, 0x0000020a7e306ae0, 0x0000020a7e3050a0,
0x0000020a7e305dc0, 0x0000020a7e307170, 0x0000020a7e305730, 0x0000020a7e307e90,
0x0000020a7e304a10, 0x0000020a7e308520, 0x0000020a7e308bb0, 0x0000020a7e309240,
0x0000020a7e3098d0, 0x0000020a7e306450, 0x0000020a7e30b9a0, 0x0000020a7e30c6c0
}

Java Threads: ( => current thread )
  0x0000020a42035f00 JavaThread "main"                              [_thread_blocked, id=12072, stack(0x00000022a2e00000,0x00000022a2f00000) (1024K)]
  0x0000020a74b925b0 JavaThread "Reference Handler"          daemon [_thread_blocked, id=15264, stack(0x00000022a3600000,0x00000022a3700000) (1024K)]
  0x0000020a74bc5000 JavaThread "Finalizer"                  daemon [_thread_blocked, id=41916, stack(0x00000022a3700000,0x00000022a3800000) (1024K)]
  0x0000020a74bc5b90 JavaThread "Signal Dispatcher"          daemon [_thread_blocked, id=9292, stack(0x00000022a3800000,0x00000022a3900000) (1024K)]
  0x0000020a74bc65f0 JavaThread "Attach Listener"            daemon [_thread_blocked, id=12348, stack(0x00000022a3900000,0x00000022a3a00000) (1024K)]
  0x0000020a74bd04e0 JavaThread "Service Thread"             daemon [_thread_blocked, id=40920, stack(0x00000022a3a00000,0x00000022a3b00000) (1024K)]
  0x0000020a74bd0b50 JavaThread "Monitor Deflation Thread"   daemon [_thread_blocked, id=25252, stack(0x00000022a3b00000,0x00000022a3c00000) (1024K)]
  0x0000020a74bd18e0 JavaThread "C2 CompilerThread0"         daemon [_thread_in_native, id=8440, stack(0x00000022a3c00000,0x00000022a3d00000) (1024K)]
  0x0000020a74bf34d0 JavaThread "C1 CompilerThread0"         daemon [_thread_blocked, id=40348, stack(0x00000022a3d00000,0x00000022a3e00000) (1024K)]
  0x0000020a71b9d180 JavaThread "Common-Cleaner"             daemon [_thread_blocked, id=35656, stack(0x00000022a3e00000,0x00000022a3f00000) (1024K)]
  0x0000020a79288460 JavaThread "Notification Thread"        daemon [_thread_blocked, id=32284, stack(0x00000022a4100000,0x00000022a4200000) (1024K)]
  0x0000020a7ab75ce0 JavaThread "Daemon health stats"               [_thread_blocked, id=36368, stack(0x00000022a4300000,0x00000022a4400000) (1024K)]
  0x0000020a7ab74930 JavaThread "Incoming local TCP Connector on port 53582"        [_thread_in_native, id=29652, stack(0x00000022a4800000,0x00000022a4900000) (1024K)]
  0x0000020a7ab76a00 JavaThread "Daemon periodic checks"            [_thread_blocked, id=15860, stack(0x00000022a4b00000,0x00000022a4c00000) (1024K)]
  0x0000020a7ab74fc0 JavaThread "Daemon"                            [_thread_blocked, id=8720, stack(0x00000022a4c00000,0x00000022a4d00000) (1024K)]
  0x0000020a7ab75650 JavaThread "Handler for socket connection from /127.0.0.1:53582 to /127.0.0.1:53585"        [_thread_in_native, id=33976, stack(0x00000022a4d00000,0x00000022a4e00000) (1024K)]
  0x0000020a7ab77090 JavaThread "Cancel handler"                    [_thread_blocked, id=22296, stack(0x00000022a4a00000,0x00000022a4b00000) (1024K)]
  0x0000020a7ab742a0 JavaThread "Daemon worker"                     [_thread_blocked, id=3308, stack(0x00000022a4e00000,0x00000022a4f00000) (1024K)]
  0x0000020a7ab73c10 JavaThread "Asynchronous log dispatcher for DefaultDaemonConnection: socket connection from /127.0.0.1:53582 to /127.0.0.1:53585"        [_thread_blocked, id=31712, stack(0x00000022a4f00000,0x00000022a5000000) (1024K)]
  0x0000020a7addee80 JavaThread "Stdin handler"                     [_thread_blocked, id=31896, stack(0x00000022a5000000,0x00000022a5100000) (1024K)]
  0x0000020a7addf510 JavaThread "Daemon client event forwarder"        [_thread_blocked, id=17636, stack(0x00000022a5100000,0x00000022a5200000) (1024K)]
  0x0000020a7adddad0 JavaThread "Cache worker for journal cache (C:\Users\jobel\.gradle\caches\journal-1)"        [_thread_blocked, id=36232, stack(0x00000022a4200000,0x00000022a4300000) (1024K)]
  0x0000020a7adde7f0 JavaThread "File lock request listener"        [_thread_in_native, id=12792, stack(0x00000022a5c00000,0x00000022a5d00000) (1024K)]
  0x0000020a7addc090 JavaThread "Cache worker for file hash cache (C:\Users\jobel\.gradle\caches\8.14\fileHashes)"        [_thread_blocked, id=32612, stack(0x00000022a5d00000,0x00000022a5e00000) (1024K)]
  0x0000020a7addc720 JavaThread "Cache worker for file hash cache (D:\Projet\Bank\mobile-frontend\android\.gradle\8.14\fileHashes)"        [_thread_blocked, id=38904, stack(0x00000022a6100000,0x00000022a6200000) (1024K)]
  0x0000020a7ade0230 JavaThread "Cache worker for Build Output Cleanup Cache (D:\Projet\Bank\mobile-frontend\android\.gradle\buildOutputCleanup)"        [_thread_blocked, id=23792, stack(0x00000022a6200000,0x00000022a6300000) (1024K)]
  0x0000020a7addcdb0 JavaThread "File watcher server"        daemon [_thread_in_native, id=14856, stack(0x00000022a6300000,0x00000022a6400000) (1024K)]
  0x0000020a7ade08c0 JavaThread "File watcher consumer"      daemon [_thread_blocked, id=17340, stack(0x00000022a6400000,0x00000022a6500000) (1024K)]
  0x0000020a7ade1c70 JavaThread "Cache worker for checksums cache (D:\Projet\Bank\mobile-frontend\android\.gradle\8.14\checksums)"        [_thread_blocked, id=16852, stack(0x00000022a6000000,0x00000022a6100000) (1024K)]
  0x0000020a7ade2300 JavaThread "Cache worker for file content cache (C:\Users\jobel\.gradle\caches\8.14\fileContent)"        [_thread_blocked, id=32108, stack(0x00000022a6500000,0x00000022a6600000) (1024K)]
  0x0000020a7ade2990 JavaThread "Cache worker for cache directory md-supplier (C:\Users\jobel\.gradle\caches\8.14\md-supplier)"        [_thread_blocked, id=7816, stack(0x00000022a6600000,0x00000022a6700000) (1024K)]
  0x0000020a7ade3020 JavaThread "Cache worker for cache directory md-rule (C:\Users\jobel\.gradle\caches\8.14\md-rule)"        [_thread_blocked, id=41676, stack(0x00000022a5f00000,0x00000022a6000000) (1024K)]
  0x0000020a7cbb64a0 JavaThread "Cache worker for Build Output Cleanup Cache (C:\src\flutter\packages\flutter_tools\gradle\.gradle\buildOutputCleanup)"        [_thread_blocked, id=14492, stack(0x00000022a6700000,0x00000022a6800000) (1024K)]
  0x0000020a7cbb7ee0 JavaThread "Unconstrained build operations"        [_thread_blocked, id=39172, stack(0x00000022a6900000,0x00000022a6a00000) (1024K)]
  0x0000020a7cbb6b30 JavaThread "Unconstrained build operations Thread 2"        [_thread_blocked, id=35696, stack(0x00000022a6a00000,0x00000022a6b00000) (1024K)]
  0x0000020a7cbb71c0 JavaThread "Unconstrained build operations Thread 3"        [_thread_blocked, id=4888, stack(0x00000022a6b00000,0x00000022a6c00000) (1024K)]
  0x0000020a7cbb5e10 JavaThread "Unconstrained build operations Thread 4"        [_thread_blocked, id=30072, stack(0x00000022a6c00000,0x00000022a6d00000) (1024K)]
  0x0000020a7cbb5780 JavaThread "Unconstrained build operations Thread 5"        [_thread_blocked, id=36112, stack(0x00000022a6d00000,0x00000022a6e00000) (1024K)]
  0x0000020a7cbb9290 JavaThread "Unconstrained build operations Thread 6"        [_thread_blocked, id=36712, stack(0x00000022a6e00000,0x00000022a6f00000) (1024K)]
  0x0000020a7cbbcda0 JavaThread "Unconstrained build operations Thread 7"        [_thread_blocked, id=25732, stack(0x00000022a6f00000,0x00000022a7000000) (1024K)]
  0x0000020a7cbbc710 JavaThread "Unconstrained build operations Thread 8"        [_thread_blocked, id=38424, stack(0x00000022a7000000,0x00000022a7100000) (1024K)]
  0x0000020a7cbbacd0 JavaThread "Unconstrained build operations Thread 9"        [_thread_blocked, id=31912, stack(0x00000022a7100000,0x00000022a7200000) (1024K)]
  0x0000020a7cbba640 JavaThread "Unconstrained build operations Thread 10"        [_thread_blocked, id=31588, stack(0x00000022a7200000,0x00000022a7300000) (1024K)]
  0x0000020a7cbb9fb0 JavaThread "Unconstrained build operations Thread 11"        [_thread_blocked, id=10660, stack(0x00000022a7300000,0x00000022a7400000) (1024K)]
  0x0000020a7cbbc080 JavaThread "Unconstrained build operations Thread 12"        [_thread_blocked, id=26904, stack(0x00000022a7400000,0x00000022a7500000) (1024K)]
  0x0000020a7cbb9920 JavaThread "Unconstrained build operations Thread 13"        [_thread_blocked, id=36424, stack(0x00000022a7500000,0x00000022a7600000) (1024K)]
  0x0000020a7cbbb360 JavaThread "Unconstrained build operations Thread 14"        [_thread_blocked, id=43228, stack(0x00000022a7600000,0x00000022a7700000) (1024K)]
  0x0000020a7cbbb9f0 JavaThread "Unconstrained build operations Thread 15"        [_thread_blocked, id=5920, stack(0x00000022a7700000,0x00000022a7800000) (1024K)]
  0x0000020a7d9e42b0 JavaThread "Unconstrained build operations Thread 16"        [_thread_blocked, id=40100, stack(0x00000022a6800000,0x00000022a6900000) (1024K)]
  0x0000020a7d9e4fd0 JavaThread "Unconstrained build operations Thread 17"        [_thread_blocked, id=30672, stack(0x00000022a7800000,0x00000022a7900000) (1024K)]
  0x0000020a7d9e5660 JavaThread "Unconstrained build operations Thread 18"        [_thread_blocked, id=16476, stack(0x00000022a7900000,0x00000022a7a00000) (1024K)]
  0x0000020a7d9e4940 JavaThread "Unconstrained build operations Thread 19"        [_thread_blocked, id=31372, stack(0x00000022a7a00000,0x00000022a7b00000) (1024K)]
  0x0000020a7d9e5cf0 JavaThread "Unconstrained build operations Thread 20"        [_thread_blocked, id=23688, stack(0x00000022a7b00000,0x00000022a7c00000) (1024K)]
  0x0000020a7d9e2f00 JavaThread "Unconstrained build operations Thread 21"        [_thread_in_Java, id=29852, stack(0x00000022a7c00000,0x00000022a7d00000) (1024K)]
  0x0000020a7d9e6380 JavaThread "Unconstrained build operations Thread 22"        [_thread_blocked, id=36452, stack(0x00000022a7d00000,0x00000022a7e00000) (1024K)]
  0x0000020a7d9e6a10 JavaThread "Unconstrained build operations Thread 23"        [_thread_blocked, id=13248, stack(0x00000022a7e00000,0x00000022a7f00000) (1024K)]
  0x0000020a7d9e3590 JavaThread "Unconstrained build operations Thread 24"        [_thread_in_Java, id=8984, stack(0x00000022a7f00000,0x00000022a8000000) (1024K)]
  0x0000020a7d9e70a0 JavaThread "Unconstrained build operations Thread 25"        [_thread_in_Java, id=17196, stack(0x00000022a8000000,0x00000022a8100000) (1024K)]
  0x0000020a7d9e3c20 JavaThread "Unconstrained build operations Thread 26"        [_thread_blocked, id=34972, stack(0x00000022a8100000,0x00000022a8200000) (1024K)]
  0x0000020a7d9e7730 JavaThread "Unconstrained build operations Thread 27"        [_thread_in_vm, id=5296, stack(0x00000022a8200000,0x00000022a8300000) (1024K)]
  0x0000020a7d9e7dc0 JavaThread "Unconstrained build operations Thread 28"        [_thread_blocked, id=33916, stack(0x00000022a8300000,0x00000022a8400000) (1024K)]
  0x0000020a7d9e8450 JavaThread "Unconstrained build operations Thread 29"        [_thread_blocked, id=39892, stack(0x00000022a8400000,0x00000022a8500000) (1024K)]
  0x0000020a7d9e8ae0 JavaThread "Unconstrained build operations Thread 30"        [_thread_blocked, id=41412, stack(0x00000022a8500000,0x00000022a8600000) (1024K)]
  0x0000020a7d9ea520 JavaThread "Unconstrained build operations Thread 31"        [_thread_blocked, id=7672, stack(0x00000022a8600000,0x00000022a8700000) (1024K)]
  0x0000020a7d9e9170 JavaThread "Unconstrained build operations Thread 32"        [_thread_blocked, id=33364, stack(0x00000022a8700000,0x00000022a8800000) (1024K)]
  0x0000020a7d9e9e90 JavaThread "Unconstrained build operations Thread 33"        [_thread_blocked, id=36544, stack(0x00000022a8800000,0x00000022a8900000) (1024K)]
  0x0000020a7d9e9800 JavaThread "Unconstrained build operations Thread 34"        [_thread_blocked, id=28620, stack(0x00000022a8900000,0x00000022a8a00000) (1024K)]
  0x0000020a7957a0c0 JavaThread "Unconstrained build operations Thread 35"        [_thread_blocked, id=38648, stack(0x00000022a8a00000,0x00000022a8b00000) (1024K)]
  0x0000020a79577960 JavaThread "Unconstrained build operations Thread 36"        [_thread_blocked, id=6428, stack(0x00000022a8b00000,0x00000022a8c00000) (1024K)]
  0x0000020a795793a0 JavaThread "Unconstrained build operations Thread 37"        [_thread_blocked, id=7976, stack(0x00000022a8c00000,0x00000022a8d00000) (1024K)]
  0x0000020a79578d10 JavaThread "Unconstrained build operations Thread 38"        [_thread_blocked, id=42860, stack(0x00000022a8d00000,0x00000022a8e00000) (1024K)]
  0x0000020a7957a750 JavaThread "Unconstrained build operations Thread 39"        [_thread_blocked, id=32548, stack(0x00000022a8e00000,0x00000022a8f00000) (1024K)]
  0x0000020a79577ff0 JavaThread "Unconstrained build operations Thread 40"        [_thread_blocked, id=14180, stack(0x00000022a8f00000,0x00000022a9000000) (1024K)]
  0x0000020a7957bb00 JavaThread "Unconstrained build operations Thread 41"        [_thread_blocked, id=44532, stack(0x00000022a9000000,0x00000022a9100000) (1024K)]
  0x0000020a79579a30 JavaThread "Unconstrained build operations Thread 42"        [_thread_blocked, id=43932, stack(0x00000022a9100000,0x00000022a9200000) (1024K)]
  0x0000020a7957ade0 JavaThread "Unconstrained build operations Thread 43"        [_thread_blocked, id=40440, stack(0x00000022a9200000,0x00000022a9300000) (1024K)]
  0x0000020a7957b470 JavaThread "Unconstrained build operations Thread 44"        [_thread_blocked, id=6468, stack(0x00000022a9300000,0x00000022a9400000) (1024K)]
  0x0000020a79578680 JavaThread "Unconstrained build operations Thread 45"        [_thread_blocked, id=32400, stack(0x00000022a9400000,0x00000022a9500000) (1024K)]
  0x0000020a7957c190 JavaThread "Memory manager"                    [_thread_blocked, id=19796, stack(0x00000022a9600000,0x00000022a9700000) (1024K)]
  0x0000020a7957ef80 JavaThread "build event listener"              [_thread_blocked, id=576, stack(0x00000022a9700000,0x00000022a9800000) (1024K)]
  0x0000020a79d325c0 JavaThread "included builds"                   [_thread_blocked, id=8660, stack(0x00000022a9800000,0x00000022a9900000) (1024K)]
  0x0000020a79d2fe60 JavaThread "Execution worker"                  [_thread_blocked, id=35088, stack(0x00000022a9900000,0x00000022a9a00000) (1024K)]
  0x0000020a79d318a0 JavaThread "Execution worker Thread 2"         [_thread_blocked, id=32848, stack(0x00000022a9a00000,0x00000022a9b00000) (1024K)]
  0x0000020a79d2f140 JavaThread "Execution worker Thread 3"         [_thread_blocked, id=9404, stack(0x00000022a9b00000,0x00000022a9c00000) (1024K)]
  0x0000020a79d31f30 JavaThread "Execution worker Thread 4"         [_thread_blocked, id=31812, stack(0x00000022a9c00000,0x00000022a9d00000) (1024K)]
  0x0000020a79d32c50 JavaThread "Execution worker Thread 5"         [_thread_blocked, id=36064, stack(0x00000022a9d00000,0x00000022a9e00000) (1024K)]
  0x0000020a79d2f7d0 JavaThread "Execution worker Thread 6"         [_thread_blocked, id=42572, stack(0x00000022a9e00000,0x00000022a9f00000) (1024K)]
  0x0000020a79d332e0 JavaThread "Execution worker Thread 7"         [_thread_blocked, id=19544, stack(0x00000022a9f00000,0x00000022aa000000) (1024K)]
  0x0000020a79d34000 JavaThread "Execution worker Thread 8"         [_thread_blocked, id=33576, stack(0x00000022aa000000,0x00000022aa100000) (1024K)]
  0x0000020a79d33970 JavaThread "Execution worker Thread 9"         [_thread_blocked, id=43388, stack(0x00000022aa100000,0x00000022aa200000) (1024K)]
  0x0000020a79d30b80 JavaThread "Execution worker Thread 10"        [_thread_blocked, id=36384, stack(0x00000022aa200000,0x00000022aa300000) (1024K)]
  0x0000020a79d34690 JavaThread "Execution worker Thread 11"        [_thread_blocked, id=42480, stack(0x00000022aa300000,0x00000022aa400000) (1024K)]
  0x0000020a79d36760 JavaThread "Execution worker Thread 12"        [_thread_blocked, id=35348, stack(0x00000022aa400000,0x00000022aa500000) (1024K)]
  0x0000020a79d360d0 JavaThread "Execution worker Thread 13"        [_thread_blocked, id=18200, stack(0x00000022aa500000,0x00000022aa600000) (1024K)]
  0x0000020a79d35a40 JavaThread "Execution worker Thread 14"        [_thread_blocked, id=41176, stack(0x00000022aa600000,0x00000022aa700000) (1024K)]
  0x0000020a79d34d20 JavaThread "Execution worker Thread 15"        [_thread_blocked, id=32120, stack(0x00000022aa700000,0x00000022aa800000) (1024K)]
  0x0000020a79d353b0 JavaThread "Cache worker for execution history cache (C:\src\flutter\packages\flutter_tools\gradle\.gradle\8.14\executionHistory)"        [_thread_blocked, id=38244, stack(0x00000022aa800000,0x00000022aa900000) (1024K)]
  0x0000020a7d53eea0 JavaThread "Unconstrained build operations Thread 46"        [_thread_blocked, id=13076, stack(0x00000022aa900000,0x00000022aaa00000) (1024K)]
  0x0000020a7d53cdd0 JavaThread "Unconstrained build operations Thread 47"        [_thread_blocked, id=42752, stack(0x00000022aaa00000,0x00000022aab00000) (1024K)]
  0x0000020a7d53c740 JavaThread "Unconstrained build operations Thread 48"        [_thread_blocked, id=5264, stack(0x00000022aab00000,0x00000022aac00000) (1024K)]
  0x0000020a7d53d460 JavaThread "Unconstrained build operations Thread 49"        [_thread_blocked, id=18876, stack(0x00000022aac00000,0x00000022aad00000) (1024K)]
  0x0000020a7d53e180 JavaThread "Unconstrained build operations Thread 50"        [_thread_blocked, id=26016, stack(0x00000022aad00000,0x00000022aae00000) (1024K)]
  0x0000020a7d53e810 JavaThread "Unconstrained build operations Thread 51"        [_thread_blocked, id=42000, stack(0x00000022aae00000,0x00000022aaf00000) (1024K)]
  0x0000020a7d53daf0 JavaThread "Unconstrained build operations Thread 52"        [_thread_blocked, id=34212, stack(0x00000022aaf00000,0x00000022ab000000) (1024K)]
  0x0000020a7d53ba20 JavaThread "Unconstrained build operations Thread 53"        [_thread_blocked, id=42868, stack(0x00000022ab000000,0x00000022ab100000) (1024K)]
  0x0000020a7d53c0b0 JavaThread "Unconstrained build operations Thread 54"        [_thread_blocked, id=18380, stack(0x00000022ab100000,0x00000022ab200000) (1024K)]
  0x0000020a7d540250 JavaThread "Unconstrained build operations Thread 55"        [_thread_blocked, id=44476, stack(0x00000022ab200000,0x00000022ab300000) (1024K)]
  0x0000020a7d542320 JavaThread "Unconstrained build operations Thread 56"        [_thread_blocked, id=29536, stack(0x00000022ab300000,0x00000022ab400000) (1024K)]
  0x0000020a7d5408e0 JavaThread "Unconstrained build operations Thread 57"        [_thread_blocked, id=6980, stack(0x00000022ab400000,0x00000022ab500000) (1024K)]
  0x0000020a7d541600 JavaThread "Unconstrained build operations Thread 58"        [_thread_blocked, id=27196, stack(0x00000022ab500000,0x00000022ab600000) (1024K)]
  0x0000020a7d53f530 JavaThread "Unconstrained build operations Thread 59"        [_thread_blocked, id=23460, stack(0x00000022ab600000,0x00000022ab700000) (1024K)]
  0x0000020a7d53fbc0 JavaThread "Unconstrained build operations Thread 60"        [_thread_blocked, id=42400, stack(0x00000022ab700000,0x00000022ab800000) (1024K)]
  0x0000020a7d540f70 JavaThread "Unconstrained build operations Thread 61"        [_thread_blocked, id=44544, stack(0x00000022ab800000,0x00000022ab900000) (1024K)]
  0x0000020a7d541c90 JavaThread "Unconstrained build operations Thread 62"        [_thread_blocked, id=8544, stack(0x00000022ab900000,0x00000022aba00000) (1024K)]
  0x0000020a7d5429b0 JavaThread "Unconstrained build operations Thread 63"        [_thread_blocked, id=12560, stack(0x00000022aba00000,0x00000022abb00000) (1024K)]
  0x0000020a7d543040 JavaThread "Unconstrained build operations Thread 64"        [_thread_blocked, id=42464, stack(0x00000022abb00000,0x00000022abc00000) (1024K)]
  0x0000020a7e9e99a0 JavaThread "Unconstrained build operations Thread 65"        [_thread_blocked, id=15348, stack(0x00000022abc00000,0x00000022abd00000) (1024K)]
  0x0000020a7e9ea6c0 JavaThread "Unconstrained build operations Thread 66"        [_thread_blocked, id=36052, stack(0x00000022abd00000,0x00000022abe00000) (1024K)]
  0x0000020a7e9ece20 JavaThread "Unconstrained build operations Thread 67"        [_thread_blocked, id=40520, stack(0x00000022abe00000,0x00000022abf00000) (1024K)]
  0x0000020a7e9ec790 JavaThread "Unconstrained build operations Thread 68"        [_thread_blocked, id=11300, stack(0x00000022abf00000,0x00000022ac000000) (1024K)]
  0x0000020a7e9ead50 JavaThread "Unconstrained build operations Thread 69"        [_thread_blocked, id=28228, stack(0x00000022ac000000,0x00000022ac100000) (1024K)]
  0x0000020a7e9ed4b0 JavaThread "Unconstrained build operations Thread 70"        [_thread_blocked, id=10256, stack(0x00000022ac100000,0x00000022ac200000) (1024K)]
  0x0000020a7e9eb3e0 JavaThread "Unconstrained build operations Thread 71"        [_thread_blocked, id=40152, stack(0x00000022ac200000,0x00000022ac300000) (1024K)]
  0x0000020a7e9eba70 JavaThread "Unconstrained build operations Thread 72"        [_thread_blocked, id=19748, stack(0x00000022ac300000,0x00000022ac400000) (1024K)]
  0x0000020a7e9ea030 JavaThread "Unconstrained build operations Thread 73"        [_thread_blocked, id=39432, stack(0x00000022ac400000,0x00000022ac500000) (1024K)]
  0x0000020a7e9edb40 JavaThread "Unconstrained build operations Thread 74"        [_thread_blocked, id=36068, stack(0x00000022ac500000,0x00000022ac600000) (1024K)]
  0x0000020a7e9ec100 JavaThread "Unconstrained build operations Thread 75"        [_thread_blocked, id=27240, stack(0x00000022ac600000,0x00000022ac700000) (1024K)]
  0x0000020a7e9ee860 JavaThread "Unconstrained build operations Thread 76"        [_thread_blocked, id=24696, stack(0x00000022ac700000,0x00000022ac800000) (1024K)]
  0x0000020a7e9f02a0 JavaThread "Unconstrained build operations Thread 77"        [_thread_blocked, id=27844, stack(0x00000022ac800000,0x00000022ac900000) (1024K)]
  0x0000020a7e9ee1d0 JavaThread "Unconstrained build operations Thread 78"        [_thread_blocked, id=29608, stack(0x00000022ac900000,0x00000022aca00000) (1024K)]
  0x0000020a7e9efc10 JavaThread "Unconstrained build operations Thread 79"        [_thread_blocked, id=18020, stack(0x00000022aca00000,0x00000022acb00000) (1024K)]
  0x0000020a7e9eeef0 JavaThread "Unconstrained build operations Thread 80"        [_thread_blocked, id=34168, stack(0x00000022acb00000,0x00000022acc00000) (1024K)]
  0x0000020a7e9f0930 JavaThread "Unconstrained build operations Thread 81"        [_thread_blocked, id=34640, stack(0x00000022acc00000,0x00000022acd00000) (1024K)]
  0x0000020a7e9ef580 JavaThread "Unconstrained build operations Thread 82"        [_thread_blocked, id=34080, stack(0x00000022acd00000,0x00000022ace00000) (1024K)]
  0x0000020a7e9f0fc0 JavaThread "Unconstrained build operations Thread 83"        [_thread_blocked, id=41624, stack(0x00000022ace00000,0x00000022acf00000) (1024K)]
  0x0000020a7cb25230 JavaThread "Unconstrained build operations Thread 84"        [_thread_blocked, id=13980, stack(0x00000022acf00000,0x00000022ad000000) (1024K)]
  0x0000020a7cb21db0 JavaThread "Unconstrained build operations Thread 85"        [_thread_blocked, id=34860, stack(0x00000022ad000000,0x00000022ad100000) (1024K)]
  0x0000020a7cb24ba0 JavaThread "Unconstrained build operations Thread 86"        [_thread_blocked, id=35560, stack(0x00000022ad100000,0x00000022ad200000) (1024K)]
  0x0000020a7cb237f0 JavaThread "Unconstrained build operations Thread 87"        [_thread_blocked, id=8552, stack(0x00000022ad200000,0x00000022ad300000) (1024K)]
  0x0000020a7cb258c0 JavaThread "Unconstrained build operations Thread 88"        [_thread_blocked, id=40320, stack(0x00000022ad300000,0x00000022ad400000) (1024K)]
  0x0000020a7cb24510 JavaThread "Unconstrained build operations Thread 89"        [_thread_blocked, id=5664, stack(0x00000022ad400000,0x00000022ad500000) (1024K)]
  0x0000020a7cb22ad0 JavaThread "Unconstrained build operations Thread 90"        [_thread_blocked, id=36652, stack(0x00000022ad500000,0x00000022ad600000) (1024K)]
  0x0000020a7cb23e80 JavaThread "Unconstrained build operations Thread 91"        [_thread_blocked, id=26828, stack(0x00000022ad600000,0x00000022ad700000) (1024K)]
  0x0000020a7cb22440 JavaThread "Unconstrained build operations Thread 92"        [_thread_blocked, id=43164, stack(0x00000022ad700000,0x00000022ad800000) (1024K)]
  0x0000020a7cb23160 JavaThread "Unconstrained build operations Thread 93"        [_thread_blocked, id=17392, stack(0x00000022a5e00000,0x00000022a5f00000) (1024K)]
  0x0000020a7cb27300 JavaThread "Unconstrained build operations Thread 94"        [_thread_blocked, id=24752, stack(0x00000022a9500000,0x00000022a9600000) (1024K)]
  0x0000020a7cb27990 JavaThread "Unconstrained build operations Thread 95"        [_thread_blocked, id=27476, stack(0x00000022ad800000,0x00000022ad900000) (1024K)]
  0x0000020a7cb28020 JavaThread "Unconstrained build operations Thread 96"        [_thread_blocked, id=31500, stack(0x00000022ad900000,0x00000022ada00000) (1024K)]
  0x0000020a7cb293d0 JavaThread "Unconstrained build operations Thread 97"        [_thread_blocked, id=18860, stack(0x00000022ada00000,0x00000022adb00000) (1024K)]
  0x0000020a7cb265e0 JavaThread "Unconstrained build operations Thread 98"        [_thread_blocked, id=37056, stack(0x00000022adb00000,0x00000022adc00000) (1024K)]
  0x0000020a7cb286b0 JavaThread "Unconstrained build operations Thread 99"        [_thread_blocked, id=3156, stack(0x00000022adc00000,0x00000022add00000) (1024K)]
  0x0000020a7cb26c70 JavaThread "Unconstrained build operations Thread 100"        [_thread_blocked, id=42888, stack(0x00000022add00000,0x00000022ade00000) (1024K)]
  0x0000020a7cb28d40 JavaThread "Unconstrained build operations Thread 101"        [_thread_blocked, id=17984, stack(0x00000022ade00000,0x00000022adf00000) (1024K)]
  0x0000020a7cb82180 JavaThread "Unconstrained build operations Thread 102"        [_thread_blocked, id=40156, stack(0x00000022adf00000,0x00000022ae000000) (1024K)]
  0x0000020a7cb81af0 JavaThread "Unconstrained build operations Thread 103"        [_thread_blocked, id=35312, stack(0x00000022ae000000,0x00000022ae100000) (1024K)]
  0x0000020a7cb84250 JavaThread "Unconstrained build operations Thread 104"        [_thread_blocked, id=3600, stack(0x00000022ae100000,0x00000022ae200000) (1024K)]
  0x0000020a7cb80dd0 JavaThread "Unconstrained build operations Thread 105"        [_thread_blocked, id=15344, stack(0x00000022ae200000,0x00000022ae300000) (1024K)]
  0x0000020a7cb848e0 JavaThread "Unconstrained build operations Thread 106"        [_thread_blocked, id=43412, stack(0x00000022ae300000,0x00000022ae400000) (1024K)]
  0x0000020a7cb81460 JavaThread "Unconstrained build operations Thread 107"        [_thread_blocked, id=37948, stack(0x00000022ae400000,0x00000022ae500000) (1024K)]
  0x0000020a7cb82ea0 JavaThread "Unconstrained build operations Thread 108"        [_thread_blocked, id=43428, stack(0x00000022ae500000,0x00000022ae600000) (1024K)]
  0x0000020a7cb83530 JavaThread "Unconstrained build operations Thread 109"        [_thread_blocked, id=22060, stack(0x00000022ae600000,0x00000022ae700000) (1024K)]
  0x0000020a7cb83bc0 JavaThread "Unconstrained build operations Thread 110"        [_thread_blocked, id=30076, stack(0x00000022ae700000,0x00000022ae800000) (1024K)]
  0x0000020a7cb84f70 JavaThread "Unconstrained build operations Thread 111"        [_thread_blocked, id=15404, stack(0x00000022ae800000,0x00000022ae900000) (1024K)]
  0x0000020a7cb82810 JavaThread "Unconstrained build operations Thread 112"        [_thread_blocked, id=28156, stack(0x00000022ae900000,0x00000022aea00000) (1024K)]
  0x0000020a7cb88a80 JavaThread "Unconstrained build operations Thread 113"        [_thread_blocked, id=4556, stack(0x00000022aea00000,0x00000022aeb00000) (1024K)]
  0x0000020a7cb87040 JavaThread "Unconstrained build operations Thread 114"        [_thread_blocked, id=9244, stack(0x00000022aeb00000,0x00000022aec00000) (1024K)]
  0x0000020a7cb876d0 JavaThread "Unconstrained build operations Thread 115"        [_thread_blocked, id=32472, stack(0x00000022aec00000,0x00000022aed00000) (1024K)]
  0x0000020a7cb87d60 JavaThread "Unconstrained build operations Thread 116"        [_thread_blocked, id=40596, stack(0x00000022aed00000,0x00000022aee00000) (1024K)]
  0x0000020a7cb869b0 JavaThread "Unconstrained build operations Thread 117"        [_thread_blocked, id=18396, stack(0x00000022aee00000,0x00000022aef00000) (1024K)]
  0x0000020a7cb883f0 JavaThread "Unconstrained build operations Thread 118"        [_thread_blocked, id=27168, stack(0x00000022aef00000,0x00000022af000000) (1024K)]
  0x0000020a7cb85600 JavaThread "Unconstrained build operations Thread 119"        [_thread_blocked, id=24676, stack(0x00000022af000000,0x00000022af100000) (1024K)]
  0x0000020a7cb86320 JavaThread "Unconstrained build operations Thread 120"        [_thread_blocked, id=39268, stack(0x00000022af100000,0x00000022af200000) (1024K)]
  0x0000020a7cb89110 JavaThread "Unconstrained build operations Thread 121"        [_thread_blocked, id=38940, stack(0x00000022af300000,0x00000022af400000) (1024K)]
  0x0000020a7cb85c90 JavaThread "Unconstrained build operations Thread 122"        [_thread_blocked, id=20996, stack(0x00000022af400000,0x00000022af500000) (1024K)]
  0x0000020a7cb8a4c0 JavaThread "Unconstrained build operations Thread 123"        [_thread_blocked, id=5360, stack(0x00000022af500000,0x00000022af600000) (1024K)]
  0x0000020a7cb897a0 JavaThread "Unconstrained build operations Thread 124"        [_thread_blocked, id=31764, stack(0x00000022af600000,0x00000022af700000) (1024K)]
  0x0000020a7cb8cc20 JavaThread "Unconstrained build operations Thread 125"        [_thread_blocked, id=38632, stack(0x00000022af700000,0x00000022af800000) (1024K)]
  0x0000020a7cb89e30 JavaThread "Unconstrained build operations Thread 126"        [_thread_blocked, id=37488, stack(0x00000022af800000,0x00000022af900000) (1024K)]
  0x0000020a7cb8b870 JavaThread "Unconstrained build operations Thread 127"        [_thread_blocked, id=9224, stack(0x00000022af900000,0x00000022afa00000) (1024K)]
  0x0000020a7cb8c590 JavaThread "Unconstrained build operations Thread 128"        [_thread_blocked, id=7368, stack(0x00000022afa00000,0x00000022afb00000) (1024K)]
  0x0000020a7cb8ab50 JavaThread "Unconstrained build operations Thread 129"        [_thread_blocked, id=39252, stack(0x00000022afb00000,0x00000022afc00000) (1024K)]
  0x0000020a7cb8e660 JavaThread "Unconstrained build operations Thread 130"        [_thread_blocked, id=22444, stack(0x00000022afc00000,0x00000022afd00000) (1024K)]
  0x0000020a7cb8d2b0 JavaThread "Unconstrained build operations Thread 131"        [_thread_blocked, id=40816, stack(0x00000022afd00000,0x00000022afe00000) (1024K)]
  0x0000020a7cb8d940 JavaThread "Unconstrained build operations Thread 132"        [_thread_blocked, id=728, stack(0x00000022afe00000,0x00000022aff00000) (1024K)]
  0x0000020a7cb8dfd0 JavaThread "Unconstrained build operations Thread 133"        [_thread_blocked, id=43740, stack(0x00000022aff00000,0x00000022b0000000) (1024K)]
  0x0000020a7cb8b1e0 JavaThread "Unconstrained build operations Thread 134"        [_thread_blocked, id=41876, stack(0x00000022b0000000,0x00000022b0100000) (1024K)]
  0x0000020a7cb8ecf0 JavaThread "Unconstrained build operations Thread 135"        [_thread_blocked, id=444, stack(0x00000022b0100000,0x00000022b0200000) (1024K)]
  0x0000020a7cb8f380 JavaThread "Unconstrained build operations Thread 136"        [_thread_blocked, id=29064, stack(0x00000022b0200000,0x00000022b0300000) (1024K)]
  0x0000020a7cb8bf00 JavaThread "Unconstrained build operations Thread 137"        [_thread_blocked, id=5760, stack(0x00000022b0300000,0x00000022b0400000) (1024K)]
  0x0000020a7ee36a40 JavaThread "build event listener"              [_thread_blocked, id=38432, stack(0x00000022af200000,0x00000022af300000) (1024K)]
  0x0000020a7ee40130 JavaThread "jar transforms"                    [_thread_blocked, id=39804, stack(0x00000022b0500000,0x00000022b0600000) (1024K)]
  0x0000020a7ee42200 JavaThread "jar transforms Thread 2"           [_thread_blocked, id=41324, stack(0x00000022b0600000,0x00000022b0700000) (1024K)]
  0x0000020a7ee40e50 JavaThread "Problems report writer"            [_thread_blocked, id=36540, stack(0x00000022b0700000,0x00000022b0800000) (1024K)]
  0x0000020a7ee3ed80 JavaThread "jar transforms Thread 3"           [_thread_blocked, id=7076, stack(0x00000022b0800000,0x00000022b0900000) (1024K)]
  0x0000020a7ee43c40 JavaThread "jar transforms Thread 4"           [_thread_blocked, id=37684, stack(0x00000022b0900000,0x00000022b0a00000) (1024K)]
  0x0000020a7ee44ff0 JavaThread "jar transforms Thread 5"           [_thread_blocked, id=31988, stack(0x00000022b0a00000,0x00000022b0b00000) (1024K)]
  0x0000020a7ee442d0 JavaThread "jar transforms Thread 6"           [_thread_blocked, id=12888, stack(0x00000022b0b00000,0x00000022b0c00000) (1024K)]
  0x0000020a7ee45680 JavaThread "jar transforms Thread 7"           [_thread_blocked, id=20568, stack(0x00000022b0c00000,0x00000022b0d00000) (1024K)]
  0x0000020a7ee42f20 JavaThread "jar transforms Thread 8"           [_thread_blocked, id=17100, stack(0x00000022b0d00000,0x00000022b0e00000) (1024K)]
  0x0000020a7ee435b0 JavaThread "jar transforms Thread 9"           [_thread_blocked, id=43184, stack(0x00000022b0e00000,0x00000022b0f00000) (1024K)]
  0x0000020a7ee44960 JavaThread "jar transforms Thread 10"          [_thread_blocked, id=2712, stack(0x00000022b0f00000,0x00000022b1000000) (1024K)]
  0x0000020a7ee42890 JavaThread "jar transforms Thread 11"          [_thread_blocked, id=40544, stack(0x00000022b1000000,0x00000022b1100000) (1024K)]
  0x0000020a7e300f00 JavaThread "jar transforms Thread 12"          [_thread_blocked, id=7776, stack(0x00000022b1100000,0x00000022b1200000) (1024K)]
=>0x0000020a7dcd6b70 JavaThread "C2 CompilerThread1"         daemon [_thread_in_native, id=30640, stack(0x00000022b0400000,0x00000022b0500000) (1024K)]
  0x0000020a7e3022b0 JavaThread "jar transforms Thread 13"          [_thread_blocked, id=43160, stack(0x00000022b1200000,0x00000022b1300000) (1024K)]
  0x0000020a7e302940 JavaThread "Unconstrained build operations Thread 138"        [_thread_blocked, id=27684, stack(0x00000022b1300000,0x00000022b1400000) (1024K)]
  0x0000020a7e302fd0 JavaThread "Unconstrained build operations Thread 139"        [_thread_blocked, id=40244, stack(0x00000022b1400000,0x00000022b1500000) (1024K)]
  0x0000020a7e2ffb50 JavaThread "Unconstrained build operations Thread 140"        [_thread_blocked, id=43316, stack(0x00000022b1500000,0x00000022b1600000) (1024K)]
  0x0000020a7e303660 JavaThread "Unconstrained build operations Thread 141"        [_thread_blocked, id=15540, stack(0x00000022b1600000,0x00000022b1700000) (1024K)]
  0x0000020a7e3001e0 JavaThread "Unconstrained build operations Thread 142"        [_thread_blocked, id=7092, stack(0x00000022b1700000,0x00000022b1800000) (1024K)]
  0x0000020a7e303cf0 JavaThread "Unconstrained build operations Thread 143"        [_thread_blocked, id=37768, stack(0x00000022b1800000,0x00000022b1900000) (1024K)]
  0x0000020a7e300870 JavaThread "Unconstrained build operations Thread 144"        [_thread_blocked, id=10520, stack(0x00000022b1900000,0x00000022b1a00000) (1024K)]
  0x0000020a7e307800 JavaThread "Unconstrained build operations Thread 145"        [_thread_blocked, id=40792, stack(0x00000022b1a00000,0x00000022b1b00000) (1024K)]
  0x0000020a7e304380 JavaThread "Unconstrained build operations Thread 146"        [_thread_blocked, id=44572, stack(0x00000022b1b00000,0x00000022b1c00000) (1024K)]
  0x0000020a7e306ae0 JavaThread "Unconstrained build operations Thread 147"        [_thread_blocked, id=8836, stack(0x00000022b1c00000,0x00000022b1d00000) (1024K)]
  0x0000020a7e3050a0 JavaThread "Unconstrained build operations Thread 148"        [_thread_blocked, id=26456, stack(0x00000022b1d00000,0x00000022b1e00000) (1024K)]
  0x0000020a7e305dc0 JavaThread "Unconstrained build operations Thread 149"        [_thread_blocked, id=44368, stack(0x00000022b1e00000,0x00000022b1f00000) (1024K)]
  0x0000020a7e307170 JavaThread "Unconstrained build operations Thread 150"        [_thread_blocked, id=15752, stack(0x00000022b1f00000,0x00000022b2000000) (1024K)]
  0x0000020a7e305730 JavaThread "Unconstrained build operations Thread 151"        [_thread_blocked, id=12284, stack(0x00000022b2000000,0x00000022b2100000) (1024K)]
  0x0000020a7e307e90 JavaThread "Unconstrained build operations Thread 152"        [_thread_blocked, id=36048, stack(0x00000022b2100000,0x00000022b2200000) (1024K)]
  0x0000020a7e304a10 JavaThread "Unconstrained build operations Thread 153"        [_thread_blocked, id=3800, stack(0x00000022b2200000,0x00000022b2300000) (1024K)]
  0x0000020a7e308520 JavaThread "Unconstrained build operations Thread 154"        [_thread_blocked, id=28924, stack(0x00000022b2300000,0x00000022b2400000) (1024K)]
  0x0000020a7e308bb0 JavaThread "Unconstrained build operations Thread 155"        [_thread_blocked, id=41332, stack(0x00000022b2400000,0x00000022b2500000) (1024K)]
  0x0000020a7e309240 JavaThread "Unconstrained build operations Thread 156"        [_thread_blocked, id=10820, stack(0x00000022b2500000,0x00000022b2600000) (1024K)]
  0x0000020a7e3098d0 JavaThread "Unconstrained build operations Thread 157"        [_thread_blocked, id=40676, stack(0x00000022b2600000,0x00000022b2700000) (1024K)]
  0x0000020a7e306450 JavaThread "Unconstrained build operations Thread 158"        [_thread_blocked, id=27532, stack(0x00000022b2700000,0x00000022b2800000) (1024K)]
  0x0000020a7e30b9a0 JavaThread "Unconstrained build operations Thread 159"        [_thread_blocked, id=13588, stack(0x00000022b2800000,0x00000022b2900000) (1024K)]
  0x0000020a7e30c6c0 JavaThread "Unconstrained build operations Thread 160"        [_thread_blocked, id=40004, stack(0x00000022b2900000,0x00000022b2a00000) (1024K)]
Total: 228

Other Threads:
  0x0000020a74b6f8b0 VMThread "VM Thread"                           [id=8540, stack(0x00000022a3500000,0x00000022a3600000) (1024K)]
  0x0000020a71b9b700 WatcherThread "VM Periodic Task Thread"        [id=31396, stack(0x00000022a3400000,0x00000022a3500000) (1024K)]
  0x0000020a420e0cb0 WorkerThread "GC Thread#0"                     [id=28044, stack(0x00000022a2f00000,0x00000022a3000000) (1024K)]
  0x0000020a792ef110 WorkerThread "GC Thread#1"                     [id=14872, stack(0x00000022a4400000,0x00000022a4500000) (1024K)]
  0x0000020a792ef4b0 WorkerThread "GC Thread#2"                     [id=10312, stack(0x00000022a4500000,0x00000022a4600000) (1024K)]
  0x0000020a792ef850 WorkerThread "GC Thread#3"                     [id=12328, stack(0x00000022a4600000,0x00000022a4700000) (1024K)]
  0x0000020a792df280 WorkerThread "GC Thread#4"                     [id=37212, stack(0x00000022a4700000,0x00000022a4800000) (1024K)]
  0x0000020a7adb8c00 WorkerThread "GC Thread#5"                     [id=41152, stack(0x00000022a5200000,0x00000022a5300000) (1024K)]
  0x0000020a7adb8fa0 WorkerThread "GC Thread#6"                     [id=13908, stack(0x00000022a5300000,0x00000022a5400000) (1024K)]
  0x0000020a7adb9340 WorkerThread "GC Thread#7"                     [id=37780, stack(0x00000022a5400000,0x00000022a5500000) (1024K)]
  0x0000020a7af39c40 WorkerThread "GC Thread#8"                     [id=29748, stack(0x00000022a5500000,0x00000022a5600000) (1024K)]
  0x0000020a7af398a0 WorkerThread "GC Thread#9"                     [id=29688, stack(0x00000022a5600000,0x00000022a5700000) (1024K)]
  0x0000020a7af39500 WorkerThread "GC Thread#10"                    [id=19288, stack(0x00000022a5700000,0x00000022a5800000) (1024K)]
  0x0000020a7af39fe0 WorkerThread "GC Thread#11"                    [id=11000, stack(0x00000022a5800000,0x00000022a5900000) (1024K)]
  0x0000020a7af3a380 WorkerThread "GC Thread#12"                    [id=38412, stack(0x00000022a5900000,0x00000022a5a00000) (1024K)]
  0x0000020a420edb90 ConcurrentGCThread "G1 Main Marker"            [id=44932, stack(0x00000022a3000000,0x00000022a3100000) (1024K)]
  0x0000020a719e5c10 WorkerThread "G1 Conc#0"                       [id=18272, stack(0x00000022a3100000,0x00000022a3200000) (1024K)]
  0x0000020a7af39160 WorkerThread "G1 Conc#1"                       [id=27120, stack(0x00000022a5a00000,0x00000022a5b00000) (1024K)]
  0x0000020a7af3aac0 WorkerThread "G1 Conc#2"                       [id=33204, stack(0x00000022a5b00000,0x00000022a5c00000) (1024K)]
  0x0000020a71a6d240 ConcurrentGCThread "G1 Refine#0"               [id=28188, stack(0x00000022a3200000,0x00000022a3300000) (1024K)]
  0x0000020a71a6da60 ConcurrentGCThread "G1 Service"                [id=27824, stack(0x00000022a3300000,0x00000022a3400000) (1024K)]
Total: 21

Threads with active compile tasks:
C2 CompilerThread0    51640 17855       4       org.objectweb.asm.ClassReader::readCode (5117 bytes)
C2 CompilerThread1    51640 17807       4       org.objectweb.asm.ClassWriter::toByteArray (1535 bytes)
Total: 2

VM state: not at safepoint (normal execution)

VM Mutex/Monitor currently owned by a thread: None

Heap address: 0x0000000600000000, size: 8192 MB, Compressed Oops mode: Zero based, Oop shift amount: 3

CDS archive(s) not mapped
Compressed class space mapped at: 0x0000000800000000-0x0000000840000000, reserved size: 1073741824
Narrow klass base: 0x0000000800000000, Narrow klass shift: 0, Narrow klass range: 0x40000000

GC Precious Log:
 CardTable entry size: 512
 Card Set container configuration: InlinePtr #cards 4 size 8 Array Of Cards #cards 32 size 80 Howl #buckets 8 coarsen threshold 7372 Howl Bitmap #cards 1024 size 144 coarsen threshold 921 Card regions per heap region 1 cards per card region 8192
 CPUs: 16 total, 16 available
 Memory: 15773M
 Large Page Support: Disabled
 NUMA Support: Disabled
 Compressed Oops: Enabled (Zero based)
 Heap Region Size: 4M
 Heap Min Capacity: 8M
 Heap Initial Capacity: 248M
 Heap Max Capacity: 8G
 Pre-touch: Disabled
 Parallel Workers: 13
 Concurrent Workers: 3
 Concurrent Refinement Workers: 13
 Periodic GC: Disabled

Heap:
 garbage-first heap   total 724992K, used 209459K [0x0000000600000000, 0x0000000800000000)
  region size 4096K, 4 young (16384K), 1 survivors (4096K)
 Metaspace       used 129667K, committed 132096K, reserved 1179648K
  class space    used 17845K, committed 19072K, reserved 1048576K

Heap Regions: E=young(eden), S=young(survivor), O=old, HS=humongous(starts), HC=humongous(continues), CS=collection set, F=free, TAMS=top-at-mark-start, PB=parsable bottom
|   0|0x0000000600000000, 0x0000000600400000, 0x0000000600400000|100%|HS|  |TAMS 0x0000000600000000| PB 0x0000000600000000| Complete 
|   1|0x0000000600400000, 0x0000000600800000, 0x0000000600800000|100%| O|  |TAMS 0x0000000600400000| PB 0x0000000600400000| Untracked 
|   2|0x0000000600800000, 0x0000000600c00000, 0x0000000600c00000|100%| O|  |TAMS 0x0000000600800000| PB 0x0000000600800000| Untracked 
|   3|0x0000000600c00000, 0x0000000601000000, 0x0000000601000000|100%| O|  |TAMS 0x0000000600c00000| PB 0x0000000600c00000| Untracked 
|   4|0x0000000601000000, 0x0000000601400000, 0x0000000601400000|100%| O|  |TAMS 0x0000000601000000| PB 0x0000000601000000| Untracked 
|   5|0x0000000601400000, 0x0000000601800000, 0x0000000601800000|100%|HS|  |TAMS 0x0000000601400000| PB 0x0000000601400000| Complete 
|   6|0x0000000601800000, 0x0000000601c00000, 0x0000000601c00000|100%| O|  |TAMS 0x0000000601800000| PB 0x0000000601800000| Untracked 
|   7|0x0000000601c00000, 0x0000000602000000, 0x0000000602000000|100%| O|  |TAMS 0x0000000601c00000| PB 0x0000000601c00000| Untracked 
|   8|0x0000000602000000, 0x0000000602400000, 0x0000000602400000|100%| O|  |TAMS 0x0000000602000000| PB 0x0000000602000000| Untracked 
|   9|0x0000000602400000, 0x0000000602800000, 0x0000000602800000|100%|HS|  |TAMS 0x0000000602400000| PB 0x0000000602400000| Complete 
|  10|0x0000000602800000, 0x0000000602c00000, 0x0000000602c00000|100%| O|  |TAMS 0x0000000602800000| PB 0x0000000602800000| Untracked 
|  11|0x0000000602c00000, 0x0000000603000000, 0x0000000603000000|100%| O|  |TAMS 0x0000000602c00000| PB 0x0000000602c00000| Untracked 
|  12|0x0000000603000000, 0x0000000603400000, 0x0000000603400000|100%| O|  |TAMS 0x0000000603000000| PB 0x0000000603000000| Untracked 
|  13|0x0000000603400000, 0x0000000603800000, 0x0000000603800000|100%| O|  |TAMS 0x0000000603400000| PB 0x0000000603400000| Untracked 
|  14|0x0000000603800000, 0x0000000603c00000, 0x0000000603c00000|100%| O|  |TAMS 0x0000000603800000| PB 0x0000000603800000| Untracked 
|  15|0x0000000603c00000, 0x0000000604000000, 0x0000000604000000|100%| O|  |TAMS 0x0000000603c00000| PB 0x0000000603c00000| Untracked 
|  16|0x0000000604000000, 0x0000000604400000, 0x0000000604400000|100%| O|  |TAMS 0x0000000604000000| PB 0x0000000604000000| Untracked 
|  17|0x0000000604400000, 0x0000000604800000, 0x0000000604800000|100%| O|  |TAMS 0x0000000604400000| PB 0x0000000604400000| Untracked 
|  18|0x0000000604800000, 0x0000000604c00000, 0x0000000604c00000|100%| O|  |TAMS 0x0000000604800000| PB 0x0000000604800000| Untracked 
|  19|0x0000000604c00000, 0x0000000605000000, 0x0000000605000000|100%| O|  |TAMS 0x0000000604c00000| PB 0x0000000604c00000| Untracked 
|  20|0x0000000605000000, 0x0000000605400000, 0x0000000605400000|100%| O|  |TAMS 0x0000000605000000| PB 0x0000000605000000| Untracked 
|  21|0x0000000605400000, 0x0000000605800000, 0x0000000605800000|100%| O|  |TAMS 0x0000000605400000| PB 0x0000000605400000| Untracked 
|  22|0x0000000605800000, 0x0000000605c00000, 0x0000000605c00000|100%| O|  |TAMS 0x0000000605800000| PB 0x0000000605800000| Untracked 
|  23|0x0000000605c00000, 0x0000000606000000, 0x0000000606000000|100%| O|  |TAMS 0x0000000605c00000| PB 0x0000000605c00000| Untracked 
|  24|0x0000000606000000, 0x0000000606400000, 0x0000000606400000|100%| O|  |TAMS 0x0000000606000000| PB 0x0000000606000000| Untracked 
|  25|0x0000000606400000, 0x0000000606800000, 0x0000000606800000|100%| O|  |TAMS 0x0000000606400000| PB 0x0000000606400000| Untracked 
|  26|0x0000000606800000, 0x0000000606c00000, 0x0000000606c00000|100%| O|  |TAMS 0x0000000606800000| PB 0x0000000606800000| Untracked 
|  27|0x0000000606c00000, 0x0000000607000000, 0x0000000607000000|100%| O|  |TAMS 0x0000000606c00000| PB 0x0000000606c00000| Untracked 
|  28|0x0000000607000000, 0x0000000607400000, 0x0000000607400000|100%| O|  |TAMS 0x0000000607000000| PB 0x0000000607000000| Untracked 
|  29|0x0000000607400000, 0x0000000607800000, 0x0000000607800000|100%| O|  |TAMS 0x0000000607400000| PB 0x0000000607400000| Untracked 
|  30|0x0000000607800000, 0x0000000607c00000, 0x0000000607c00000|100%| O|  |TAMS 0x0000000607800000| PB 0x0000000607800000| Untracked 
|  31|0x0000000607c00000, 0x0000000608000000, 0x0000000608000000|100%| O|  |TAMS 0x0000000607c00000| PB 0x0000000607c00000| Untracked 
|  32|0x0000000608000000, 0x0000000608400000, 0x0000000608400000|100%| O|  |TAMS 0x0000000608000000| PB 0x0000000608000000| Untracked 
|  33|0x0000000608400000, 0x0000000608800000, 0x0000000608800000|100%| O|  |TAMS 0x0000000608400000| PB 0x0000000608400000| Untracked 
|  34|0x0000000608800000, 0x0000000608c00000, 0x0000000608c00000|100%| O|  |TAMS 0x0000000608800000| PB 0x0000000608800000| Untracked 
|  35|0x0000000608c00000, 0x0000000609000000, 0x0000000609000000|100%| O|  |TAMS 0x0000000608c00000| PB 0x0000000608c00000| Untracked 
|  36|0x0000000609000000, 0x0000000609400000, 0x0000000609400000|100%| O|  |TAMS 0x0000000609000000| PB 0x0000000609000000| Untracked 
|  37|0x0000000609400000, 0x0000000609800000, 0x0000000609800000|100%| O|  |TAMS 0x0000000609400000| PB 0x0000000609400000| Untracked 
|  38|0x0000000609800000, 0x0000000609c00000, 0x0000000609c00000|100%| O|  |TAMS 0x0000000609800000| PB 0x0000000609800000| Untracked 
|  39|0x0000000609c00000, 0x000000060a000000, 0x000000060a000000|100%| O|  |TAMS 0x0000000609c00000| PB 0x0000000609c00000| Untracked 
|  40|0x000000060a000000, 0x000000060a400000, 0x000000060a400000|100%| O|  |TAMS 0x000000060a000000| PB 0x000000060a000000| Untracked 
|  41|0x000000060a400000, 0x000000060a800000, 0x000000060a800000|100%| O|  |TAMS 0x000000060a400000| PB 0x000000060a400000| Untracked 
|  42|0x000000060a800000, 0x000000060ac00000, 0x000000060ac00000|100%| O|  |TAMS 0x000000060a800000| PB 0x000000060a800000| Untracked 
|  43|0x000000060ac00000, 0x000000060b000000, 0x000000060b000000|100%| O|  |TAMS 0x000000060ac00000| PB 0x000000060ac00000| Untracked 
|  44|0x000000060b000000, 0x000000060b3346d0, 0x000000060b400000| 80%| O|  |TAMS 0x000000060b000000| PB 0x000000060b000000| Untracked 
|  45|0x000000060b400000, 0x000000060b400000, 0x000000060b800000|  0%| F|  |TAMS 0x000000060b400000| PB 0x000000060b400000| Untracked 
|  46|0x000000060b800000, 0x000000060b800000, 0x000000060bc00000|  0%| F|  |TAMS 0x000000060b800000| PB 0x000000060b800000| Untracked 
|  47|0x000000060bc00000, 0x000000060bc00000, 0x000000060c000000|  0%| F|  |TAMS 0x000000060bc00000| PB 0x000000060bc00000| Untracked 
|  48|0x000000060c000000, 0x000000060c000000, 0x000000060c400000|  0%| F|  |TAMS 0x000000060c000000| PB 0x000000060c000000| Untracked 
|  49|0x000000060c400000, 0x000000060c400000, 0x000000060c800000|  0%| F|  |TAMS 0x000000060c400000| PB 0x000000060c400000| Untracked 
|  50|0x000000060c800000, 0x000000060c800000, 0x000000060cc00000|  0%| F|  |TAMS 0x000000060c800000| PB 0x000000060c800000| Untracked 
|  51|0x000000060cc00000, 0x000000060cc00000, 0x000000060d000000|  0%| F|  |TAMS 0x000000060cc00000| PB 0x000000060cc00000| Untracked 
|  52|0x000000060d000000, 0x000000060d000000, 0x000000060d400000|  0%| F|  |TAMS 0x000000060d000000| PB 0x000000060d000000| Untracked 
|  53|0x000000060d400000, 0x000000060d400000, 0x000000060d800000|  0%| F|  |TAMS 0x000000060d400000| PB 0x000000060d400000| Untracked 
|  54|0x000000060d800000, 0x000000060d800000, 0x000000060dc00000|  0%| F|  |TAMS 0x000000060d800000| PB 0x000000060d800000| Untracked 
|  55|0x000000060dc00000, 0x000000060dc00000, 0x000000060e000000|  0%| F|  |TAMS 0x000000060dc00000| PB 0x000000060dc00000| Untracked 
|  56|0x000000060e000000, 0x000000060e000000, 0x000000060e400000|  0%| F|  |TAMS 0x000000060e000000| PB 0x000000060e000000| Untracked 
|  57|0x000000060e400000, 0x000000060e400000, 0x000000060e800000|  0%| F|  |TAMS 0x000000060e400000| PB 0x000000060e400000| Untracked 
|  58|0x000000060e800000, 0x000000060e800000, 0x000000060ec00000|  0%| F|  |TAMS 0x000000060e800000| PB 0x000000060e800000| Untracked 
|  59|0x000000060ec00000, 0x000000060ec00000, 0x000000060f000000|  0%| F|  |TAMS 0x000000060ec00000| PB 0x000000060ec00000| Untracked 
|  60|0x000000060f000000, 0x000000060f000000, 0x000000060f400000|  0%| F|  |TAMS 0x000000060f000000| PB 0x000000060f000000| Untracked 
|  61|0x000000060f400000, 0x000000060f400000, 0x000000060f800000|  0%| F|  |TAMS 0x000000060f400000| PB 0x000000060f400000| Untracked 
|  62|0x000000060f800000, 0x000000060f800000, 0x000000060fc00000|  0%| F|  |TAMS 0x000000060f800000| PB 0x000000060f800000| Untracked 
|  63|0x000000060fc00000, 0x000000060fc00000, 0x0000000610000000|  0%| F|  |TAMS 0x000000060fc00000| PB 0x000000060fc00000| Untracked 
|  64|0x0000000610000000, 0x0000000610000000, 0x0000000610400000|  0%| F|  |TAMS 0x0000000610000000| PB 0x0000000610000000| Untracked 
|  65|0x0000000610400000, 0x0000000610400000, 0x0000000610800000|  0%| F|  |TAMS 0x0000000610400000| PB 0x0000000610400000| Untracked 
|  66|0x0000000610800000, 0x0000000610800000, 0x0000000610c00000|  0%| F|  |TAMS 0x0000000610800000| PB 0x0000000610800000| Untracked 
|  67|0x0000000610c00000, 0x0000000610c00000, 0x0000000611000000|  0%| F|  |TAMS 0x0000000610c00000| PB 0x0000000610c00000| Untracked 
|  68|0x0000000611000000, 0x0000000611000000, 0x0000000611400000|  0%| F|  |TAMS 0x0000000611000000| PB 0x0000000611000000| Untracked 
|  69|0x0000000611400000, 0x0000000611400000, 0x0000000611800000|  0%| F|  |TAMS 0x0000000611400000| PB 0x0000000611400000| Untracked 
|  70|0x0000000611800000, 0x0000000611800000, 0x0000000611c00000|  0%| F|  |TAMS 0x0000000611800000| PB 0x0000000611800000| Untracked 
|  71|0x0000000611c00000, 0x0000000611c00000, 0x0000000612000000|  0%| F|  |TAMS 0x0000000611c00000| PB 0x0000000611c00000| Untracked 
|  72|0x0000000612000000, 0x0000000612000000, 0x0000000612400000|  0%| F|  |TAMS 0x0000000612000000| PB 0x0000000612000000| Untracked 
|  73|0x0000000612400000, 0x0000000612400000, 0x0000000612800000|  0%| F|  |TAMS 0x0000000612400000| PB 0x0000000612400000| Untracked 
|  74|0x0000000612800000, 0x0000000612800000, 0x0000000612c00000|  0%| F|  |TAMS 0x0000000612800000| PB 0x0000000612800000| Untracked 
|  75|0x0000000612c00000, 0x0000000612c00000, 0x0000000613000000|  0%| F|  |TAMS 0x0000000612c00000| PB 0x0000000612c00000| Untracked 
|  76|0x0000000613000000, 0x0000000613000000, 0x0000000613400000|  0%| F|  |TAMS 0x0000000613000000| PB 0x0000000613000000| Untracked 
|  77|0x0000000613400000, 0x0000000613400000, 0x0000000613800000|  0%| F|  |TAMS 0x0000000613400000| PB 0x0000000613400000| Untracked 
|  78|0x0000000613800000, 0x0000000613800000, 0x0000000613c00000|  0%| F|  |TAMS 0x0000000613800000| PB 0x0000000613800000| Untracked 
|  79|0x0000000613c00000, 0x0000000613c00000, 0x0000000614000000|  0%| F|  |TAMS 0x0000000613c00000| PB 0x0000000613c00000| Untracked 
|  80|0x0000000614000000, 0x0000000614000000, 0x0000000614400000|  0%| F|  |TAMS 0x0000000614000000| PB 0x0000000614000000| Untracked 
|  81|0x0000000614400000, 0x0000000614400000, 0x0000000614800000|  0%| F|  |TAMS 0x0000000614400000| PB 0x0000000614400000| Untracked 
|  82|0x0000000614800000, 0x0000000614800000, 0x0000000614c00000|  0%| F|  |TAMS 0x0000000614800000| PB 0x0000000614800000| Untracked 
|  83|0x0000000614c00000, 0x0000000614c00000, 0x0000000615000000|  0%| F|  |TAMS 0x0000000614c00000| PB 0x0000000614c00000| Untracked 
|  84|0x0000000615000000, 0x0000000615000000, 0x0000000615400000|  0%| F|  |TAMS 0x0000000615000000| PB 0x0000000615000000| Untracked 
|  85|0x0000000615400000, 0x0000000615400000, 0x0000000615800000|  0%| F|  |TAMS 0x0000000615400000| PB 0x0000000615400000| Untracked 
|  86|0x0000000615800000, 0x0000000615800000, 0x0000000615c00000|  0%| F|  |TAMS 0x0000000615800000| PB 0x0000000615800000| Untracked 
|  87|0x0000000615c00000, 0x0000000615c00000, 0x0000000616000000|  0%| F|  |TAMS 0x0000000615c00000| PB 0x0000000615c00000| Untracked 
|  88|0x0000000616000000, 0x0000000616000000, 0x0000000616400000|  0%| F|  |TAMS 0x0000000616000000| PB 0x0000000616000000| Untracked 
|  89|0x0000000616400000, 0x0000000616400000, 0x0000000616800000|  0%| F|  |TAMS 0x0000000616400000| PB 0x0000000616400000| Untracked 
|  90|0x0000000616800000, 0x0000000616800000, 0x0000000616c00000|  0%| F|  |TAMS 0x0000000616800000| PB 0x0000000616800000| Untracked 
|  91|0x0000000616c00000, 0x0000000616c00000, 0x0000000617000000|  0%| F|  |TAMS 0x0000000616c00000| PB 0x0000000616c00000| Untracked 
|  92|0x0000000617000000, 0x0000000617000000, 0x0000000617400000|  0%| F|  |TAMS 0x0000000617000000| PB 0x0000000617000000| Untracked 
|  93|0x0000000617400000, 0x0000000617400000, 0x0000000617800000|  0%| F|  |TAMS 0x0000000617400000| PB 0x0000000617400000| Untracked 
|  94|0x0000000617800000, 0x0000000617800000, 0x0000000617c00000|  0%| F|  |TAMS 0x0000000617800000| PB 0x0000000617800000| Untracked 
|  95|0x0000000617c00000, 0x0000000617c00000, 0x0000000618000000|  0%| F|  |TAMS 0x0000000617c00000| PB 0x0000000617c00000| Untracked 
|  96|0x0000000618000000, 0x0000000618000000, 0x0000000618400000|  0%| F|  |TAMS 0x0000000618000000| PB 0x0000000618000000| Untracked 
|  97|0x0000000618400000, 0x0000000618400000, 0x0000000618800000|  0%| F|  |TAMS 0x0000000618400000| PB 0x0000000618400000| Untracked 
|  98|0x0000000618800000, 0x0000000618800000, 0x0000000618c00000|  0%| F|  |TAMS 0x0000000618800000| PB 0x0000000618800000| Untracked 
|  99|0x0000000618c00000, 0x0000000618c00000, 0x0000000619000000|  0%| F|  |TAMS 0x0000000618c00000| PB 0x0000000618c00000| Untracked 
| 100|0x0000000619000000, 0x0000000619000000, 0x0000000619400000|  0%| F|  |TAMS 0x0000000619000000| PB 0x0000000619000000| Untracked 
| 101|0x0000000619400000, 0x0000000619400000, 0x0000000619800000|  0%| F|  |TAMS 0x0000000619400000| PB 0x0000000619400000| Untracked 
| 102|0x0000000619800000, 0x0000000619800000, 0x0000000619c00000|  0%| F|  |TAMS 0x0000000619800000| PB 0x0000000619800000| Untracked 
| 103|0x0000000619c00000, 0x0000000619c00000, 0x000000061a000000|  0%| F|  |TAMS 0x0000000619c00000| PB 0x0000000619c00000| Untracked 
| 104|0x000000061a000000, 0x000000061a000000, 0x000000061a400000|  0%| F|  |TAMS 0x000000061a000000| PB 0x000000061a000000| Untracked 
| 105|0x000000061a400000, 0x000000061a400000, 0x000000061a800000|  0%| F|  |TAMS 0x000000061a400000| PB 0x000000061a400000| Untracked 
| 106|0x000000061a800000, 0x000000061a800000, 0x000000061ac00000|  0%| F|  |TAMS 0x000000061a800000| PB 0x000000061a800000| Untracked 
| 107|0x000000061ac00000, 0x000000061ac00000, 0x000000061b000000|  0%| F|  |TAMS 0x000000061ac00000| PB 0x000000061ac00000| Untracked 
| 108|0x000000061b000000, 0x000000061b000000, 0x000000061b400000|  0%| F|  |TAMS 0x000000061b000000| PB 0x000000061b000000| Untracked 
| 109|0x000000061b400000, 0x000000061b400000, 0x000000061b800000|  0%| F|  |TAMS 0x000000061b400000| PB 0x000000061b400000| Untracked 
| 110|0x000000061b800000, 0x000000061b800000, 0x000000061bc00000|  0%| F|  |TAMS 0x000000061b800000| PB 0x000000061b800000| Untracked 
| 111|0x000000061bc00000, 0x000000061bc00000, 0x000000061c000000|  0%| F|  |TAMS 0x000000061bc00000| PB 0x000000061bc00000| Untracked 
| 112|0x000000061c000000, 0x000000061c000000, 0x000000061c400000|  0%| F|  |TAMS 0x000000061c000000| PB 0x000000061c000000| Untracked 
| 113|0x000000061c400000, 0x000000061c400000, 0x000000061c800000|  0%| F|  |TAMS 0x000000061c400000| PB 0x000000061c400000| Untracked 
| 114|0x000000061c800000, 0x000000061c800000, 0x000000061cc00000|  0%| F|  |TAMS 0x000000061c800000| PB 0x000000061c800000| Untracked 
| 115|0x000000061cc00000, 0x000000061cc00000, 0x000000061d000000|  0%| F|  |TAMS 0x000000061cc00000| PB 0x000000061cc00000| Untracked 
| 116|0x000000061d000000, 0x000000061d000000, 0x000000061d400000|  0%| F|  |TAMS 0x000000061d000000| PB 0x000000061d000000| Untracked 
| 117|0x000000061d400000, 0x000000061d400000, 0x000000061d800000|  0%| F|  |TAMS 0x000000061d400000| PB 0x000000061d400000| Untracked 
| 118|0x000000061d800000, 0x000000061d800000, 0x000000061dc00000|  0%| F|  |TAMS 0x000000061d800000| PB 0x000000061d800000| Untracked 
| 119|0x000000061dc00000, 0x000000061dc00000, 0x000000061e000000|  0%| F|  |TAMS 0x000000061dc00000| PB 0x000000061dc00000| Untracked 
| 120|0x000000061e000000, 0x000000061e000000, 0x000000061e400000|  0%| F|  |TAMS 0x000000061e000000| PB 0x000000061e000000| Untracked 
| 121|0x000000061e400000, 0x000000061e400000, 0x000000061e800000|  0%| F|  |TAMS 0x000000061e400000| PB 0x000000061e400000| Untracked 
| 122|0x000000061e800000, 0x000000061e800000, 0x000000061ec00000|  0%| F|  |TAMS 0x000000061e800000| PB 0x000000061e800000| Untracked 
| 123|0x000000061ec00000, 0x000000061ec00000, 0x000000061f000000|  0%| F|  |TAMS 0x000000061ec00000| PB 0x000000061ec00000| Untracked 
| 124|0x000000061f000000, 0x000000061f000000, 0x000000061f400000|  0%| F|  |TAMS 0x000000061f000000| PB 0x000000061f000000| Untracked 
| 125|0x000000061f400000, 0x000000061f400000, 0x000000061f800000|  0%| F|  |TAMS 0x000000061f400000| PB 0x000000061f400000| Untracked 
| 126|0x000000061f800000, 0x000000061f800000, 0x000000061fc00000|  0%| F|  |TAMS 0x000000061f800000| PB 0x000000061f800000| Untracked 
| 127|0x000000061fc00000, 0x000000061fc00000, 0x0000000620000000|  0%| F|  |TAMS 0x000000061fc00000| PB 0x000000061fc00000| Untracked 
| 128|0x0000000620000000, 0x0000000620000000, 0x0000000620400000|  0%| F|  |TAMS 0x0000000620000000| PB 0x0000000620000000| Untracked 
| 129|0x0000000620400000, 0x0000000620400000, 0x0000000620800000|  0%| F|  |TAMS 0x0000000620400000| PB 0x0000000620400000| Untracked 
| 130|0x0000000620800000, 0x0000000620800000, 0x0000000620c00000|  0%| F|  |TAMS 0x0000000620800000| PB 0x0000000620800000| Untracked 
| 131|0x0000000620c00000, 0x0000000620c00000, 0x0000000621000000|  0%| F|  |TAMS 0x0000000620c00000| PB 0x0000000620c00000| Untracked 
| 132|0x0000000621000000, 0x0000000621000000, 0x0000000621400000|  0%| F|  |TAMS 0x0000000621000000| PB 0x0000000621000000| Untracked 
| 133|0x0000000621400000, 0x0000000621400000, 0x0000000621800000|  0%| F|  |TAMS 0x0000000621400000| PB 0x0000000621400000| Untracked 
| 134|0x0000000621800000, 0x0000000621800000, 0x0000000621c00000|  0%| F|  |TAMS 0x0000000621800000| PB 0x0000000621800000| Untracked 
| 135|0x0000000621c00000, 0x0000000621c00000, 0x0000000622000000|  0%| F|  |TAMS 0x0000000621c00000| PB 0x0000000621c00000| Untracked 
| 136|0x0000000622000000, 0x0000000622000000, 0x0000000622400000|  0%| F|  |TAMS 0x0000000622000000| PB 0x0000000622000000| Untracked 
| 137|0x0000000622400000, 0x0000000622400000, 0x0000000622800000|  0%| F|  |TAMS 0x0000000622400000| PB 0x0000000622400000| Untracked 
| 138|0x0000000622800000, 0x0000000622800000, 0x0000000622c00000|  0%| F|  |TAMS 0x0000000622800000| PB 0x0000000622800000| Untracked 
| 139|0x0000000622c00000, 0x0000000622c00000, 0x0000000623000000|  0%| F|  |TAMS 0x0000000622c00000| PB 0x0000000622c00000| Untracked 
| 140|0x0000000623000000, 0x0000000623000000, 0x0000000623400000|  0%| F|  |TAMS 0x0000000623000000| PB 0x0000000623000000| Untracked 
| 141|0x0000000623400000, 0x0000000623400000, 0x0000000623800000|  0%| F|  |TAMS 0x0000000623400000| PB 0x0000000623400000| Untracked 
| 142|0x0000000623800000, 0x0000000623800000, 0x0000000623c00000|  0%| F|  |TAMS 0x0000000623800000| PB 0x0000000623800000| Untracked 
| 143|0x0000000623c00000, 0x0000000623c00000, 0x0000000624000000|  0%| F|  |TAMS 0x0000000623c00000| PB 0x0000000623c00000| Untracked 
| 144|0x0000000624000000, 0x0000000624000000, 0x0000000624400000|  0%| F|  |TAMS 0x0000000624000000| PB 0x0000000624000000| Untracked 
| 145|0x0000000624400000, 0x0000000624400000, 0x0000000624800000|  0%| F|  |TAMS 0x0000000624400000| PB 0x0000000624400000| Untracked 
| 146|0x0000000624800000, 0x0000000624800000, 0x0000000624c00000|  0%| F|  |TAMS 0x0000000624800000| PB 0x0000000624800000| Untracked 
| 147|0x0000000624c00000, 0x0000000624c00000, 0x0000000625000000|  0%| F|  |TAMS 0x0000000624c00000| PB 0x0000000624c00000| Untracked 
| 148|0x0000000625000000, 0x0000000625000000, 0x0000000625400000|  0%| F|  |TAMS 0x0000000625000000| PB 0x0000000625000000| Untracked 
| 149|0x0000000625400000, 0x0000000625400000, 0x0000000625800000|  0%| F|  |TAMS 0x0000000625400000| PB 0x0000000625400000| Untracked 
| 150|0x0000000625800000, 0x0000000625800000, 0x0000000625c00000|  0%| F|  |TAMS 0x0000000625800000| PB 0x0000000625800000| Untracked 
| 151|0x0000000625c00000, 0x0000000625c00000, 0x0000000626000000|  0%| F|  |TAMS 0x0000000625c00000| PB 0x0000000625c00000| Untracked 
| 152|0x0000000626000000, 0x0000000626000000, 0x0000000626400000|  0%| F|  |TAMS 0x0000000626000000| PB 0x0000000626000000| Untracked 
| 153|0x0000000626400000, 0x0000000626400000, 0x0000000626800000|  0%| F|  |TAMS 0x0000000626400000| PB 0x0000000626400000| Untracked 
| 154|0x0000000626800000, 0x0000000626800000, 0x0000000626c00000|  0%| F|  |TAMS 0x0000000626800000| PB 0x0000000626800000| Untracked 
| 155|0x0000000626c00000, 0x0000000626c00000, 0x0000000627000000|  0%| F|  |TAMS 0x0000000626c00000| PB 0x0000000626c00000| Untracked 
| 156|0x0000000627000000, 0x0000000627000000, 0x0000000627400000|  0%| F|  |TAMS 0x0000000627000000| PB 0x0000000627000000| Untracked 
| 157|0x0000000627400000, 0x0000000627400000, 0x0000000627800000|  0%| F|  |TAMS 0x0000000627400000| PB 0x0000000627400000| Untracked 
| 158|0x0000000627800000, 0x0000000627800000, 0x0000000627c00000|  0%| F|  |TAMS 0x0000000627800000| PB 0x0000000627800000| Untracked 
| 159|0x0000000627c00000, 0x0000000627c00000, 0x0000000628000000|  0%| F|  |TAMS 0x0000000627c00000| PB 0x0000000627c00000| Untracked 
| 160|0x0000000628000000, 0x0000000628000000, 0x0000000628400000|  0%| F|  |TAMS 0x0000000628000000| PB 0x0000000628000000| Untracked 
| 161|0x0000000628400000, 0x0000000628400000, 0x0000000628800000|  0%| F|  |TAMS 0x0000000628400000| PB 0x0000000628400000| Untracked 
| 162|0x0000000628800000, 0x0000000628800000, 0x0000000628c00000|  0%| F|  |TAMS 0x0000000628800000| PB 0x0000000628800000| Untracked 
| 163|0x0000000628c00000, 0x0000000628c00000, 0x0000000629000000|  0%| F|  |TAMS 0x0000000628c00000| PB 0x0000000628c00000| Untracked 
| 164|0x0000000629000000, 0x0000000629158728, 0x0000000629400000| 33%| S|CS|TAMS 0x0000000629000000| PB 0x0000000629000000| Complete 
| 165|0x0000000629400000, 0x0000000629400000, 0x0000000629800000|  0%| F|  |TAMS 0x0000000629400000| PB 0x0000000629400000| Untracked 
| 166|0x0000000629800000, 0x0000000629800000, 0x0000000629c00000|  0%| F|  |TAMS 0x0000000629800000| PB 0x0000000629800000| Untracked 
| 167|0x0000000629c00000, 0x0000000629c00000, 0x000000062a000000|  0%| F|  |TAMS 0x0000000629c00000| PB 0x0000000629c00000| Untracked 
| 168|0x000000062a000000, 0x000000062a11d2a8, 0x000000062a400000| 27%| E|  |TAMS 0x000000062a000000| PB 0x000000062a000000| Complete 
|2040|0x00000007fe000000, 0x00000007fe400000, 0x00000007fe400000|100%| E|CS|TAMS 0x00000007fe000000| PB 0x00000007fe000000| Complete 
|2041|0x00000007fe400000, 0x00000007fe800000, 0x00000007fe800000|100%| O|  |TAMS 0x00000007fe400000| PB 0x00000007fe400000| Untracked 
|2042|0x00000007fe800000, 0x00000007fec00000, 0x00000007fec00000|100%| O|  |TAMS 0x00000007fe800000| PB 0x00000007fe800000| Untracked 
|2043|0x00000007fec00000, 0x00000007ff000000, 0x00000007ff000000|100%| E|CS|TAMS 0x00000007fec00000| PB 0x00000007fec00000| Complete 
|2044|0x00000007ff000000, 0x00000007ff400000, 0x00000007ff400000|100%| E|CS|TAMS 0x00000007ff000000| PB 0x00000007ff000000| Complete 
|2045|0x00000007ff400000, 0x00000007ff800000, 0x00000007ff800000|100%| E|CS|TAMS 0x00000007ff400000| PB 0x00000007ff400000| Complete 
|2046|0x00000007ff800000, 0x00000007ffc00000, 0x00000007ffc00000|100%| O|  |TAMS 0x00000007ff800000| PB 0x00000007ff800000| Untracked 
|2047|0x00000007ffc00000, 0x0000000800000000, 0x0000000800000000|100%| O|  |TAMS 0x00000007ffc00000| PB 0x00000007ffc00000| Untracked 

Card table byte_map: [0x0000020a68910000,0x0000020a69910000] _byte_map_base: 0x0000020a65910000

Marking Bits: (CMBitMap*) 0x0000020a420e12c0
 Bits: [0x0000020a69910000, 0x0000020a71910000)

Polling page: 0x0000020a41dc0000

Metaspace:

Usage:
  Non-class:    109.20 MB used.
      Class:     17.43 MB used.
       Both:    126.63 MB used.

Virtual space:
  Non-class space:      128.00 MB reserved,     110.38 MB ( 86%) committed,  2 nodes.
      Class space:        1.00 GB reserved,      18.62 MB (  2%) committed,  1 nodes.
             Both:        1.12 GB reserved,     129.00 MB ( 11%) committed. 

Chunk freelists:
   Non-Class:  911.00 KB
       Class:  13.21 MB
        Both:  14.10 MB

MaxMetaspaceSize: 4.00 GB
CompressedClassSpaceSize: 1.00 GB
Initial GC threshold: 21.00 MB
Current GC threshold: 214.94 MB
CDS: off
 - commit_granule_bytes: 65536.
 - commit_granule_words: 8192.
 - virtual_space_node_default_size: 8388608.
 - enlarge_chunks_in_place: 1.
 - use_allocation_guard: 0.


Internal statistics:

num_allocs_failed_limit: 9.
num_arena_births: 4458.
num_arena_deaths: 2.
num_vsnodes_births: 3.
num_vsnodes_deaths: 0.
num_space_committed: 2064.
num_space_uncommitted: 0.
num_chunks_returned_to_freelist: 13.
num_chunks_taken_from_freelist: 10091.
num_chunk_merges: 9.
num_chunk_splits: 6629.
num_chunks_enlarged: 4265.
num_inconsistent_stats: 0.

CodeHeap 'non-profiled nmethods': size=258432Kb used=8926Kb max_used=8926Kb free=249506Kb
 bounds [0x0000020a56ac0000, 0x0000020a57390000, 0x0000020a66720000]
CodeHeap 'profiled nmethods': size=258368Kb used=30683Kb max_used=30683Kb free=227684Kb
 bounds [0x0000020a46720000, 0x0000020a48520000, 0x0000020a56370000]
CodeHeap 'non-nmethods': size=7488Kb used=2952Kb max_used=4726Kb free=4536Kb
 bounds [0x0000020a56370000, 0x0000020a56810000, 0x0000020a56ac0000]
 total_blobs=15904 nmethods=14859 adapters=949
 compilation: enabled
              stopped_count=0, restarted_count=0
 full_count=0

Compilation events (20 events):
Event: 48.283 Thread 0x0000020a74bf34d0 nmethod 17859 0x0000020a484fec90 code [0x0000020a484fefa0, 0x0000020a48500258]
Event: 48.286 Thread 0x0000020a7c174b50 nmethod 17864 0x0000020a48500890 code [0x0000020a48500dc0, 0x0000020a48502ed8]
Event: 48.342 Thread 0x0000020a74bf34d0 17866       2       org.objectweb.asm.SymbolTable::addConstantDouble (11 bytes)
Event: 48.342 Thread 0x0000020a74bf34d0 nmethod 17866 0x0000020a48503e10 code [0x0000020a48503fc0, 0x0000020a485040f8]
Event: 48.346 Thread 0x0000020a74bd18e0 nmethod 17798 0x0000020a5737ed10 code [0x0000020a5737f080, 0x0000020a573818d0]
Event: 48.347 Thread 0x0000020a74bd18e0 17855       4       org.objectweb.asm.ClassReader::readCode (5117 bytes)
Event: 48.374 Thread 0x0000020a7dcd6b70 nmethod 17803 0x0000020a57382c10 code [0x0000020a573831e0, 0x0000020a57387298]
Event: 48.374 Thread 0x0000020a7dcd6b70 17807       4       org.objectweb.asm.ClassWriter::toByteArray (1535 bytes)
Event: 48.470 Thread 0x0000020a74bf34d0 17875       3       org.objectweb.asm.ClassReader::accept (1419 bytes)
Event: 48.475 Thread 0x0000020a7c174b50 17876       2       org.objectweb.asm.ClassReader::readElementValue (1237 bytes)
Event: 48.479 Thread 0x0000020a7c174b50 nmethod 17876 0x0000020a48504190 code [0x0000020a48504880, 0x0000020a48506e40]
Event: 48.480 Thread 0x0000020a7c174b50 17878       3       org.objectweb.asm.TypePath::put (42 bytes)
Event: 48.481 Thread 0x0000020a7c174b50 nmethod 17878 0x0000020a48508390 code [0x0000020a48508560, 0x0000020a48508798]
Event: 48.484 Thread 0x0000020a74bf34d0 nmethod 17875 0x0000020a48508910 code [0x0000020a485094e0, 0x0000020a48510798]
Event: 48.491 Thread 0x0000020a7c174b50 17880       3       org.objectweb.asm.TypeReference::putTarget (385 bytes)
Event: 48.491 Thread 0x0000020a7c175fc0 17881       3       org.objectweb.asm.AnnotationWriter::create (50 bytes)
Event: 48.492 Thread 0x0000020a7c175fc0 nmethod 17881 0x0000020a48513e10 code [0x0000020a48514020, 0x0000020a48514558]
Event: 48.492 Thread 0x0000020a7c174b50 nmethod 17880 0x0000020a48514810 code [0x0000020a48514a40, 0x0000020a48515480]
Event: 48.518 Thread 0x0000020a7c175fc0 17882       2       org.objectweb.asm.MethodVisitor::visitAnnotationDefault (17 bytes)
Event: 48.519 Thread 0x0000020a7c175fc0 nmethod 17882 0x0000020a48515610 code [0x0000020a485157c0, 0x0000020a48515930]

GC Heap History (20 events):
Event: 39.029 GC heap after
{Heap after GC invocations=45 (full 0):
 garbage-first heap   total 323584K, used 151709K [0x0000000600000000, 0x0000000800000000)
  region size 4096K, 3 young (12288K), 3 survivors (12288K)
 Metaspace       used 128183K, committed 130688K, reserved 1179648K
  class space    used 17733K, committed 19008K, reserved 1048576K
}
Event: 39.361 GC heap before
{Heap before GC invocations=45 (full 0):
 garbage-first heap   total 323584K, used 282781K [0x0000000600000000, 0x0000000800000000)
  region size 4096K, 36 young (147456K), 3 survivors (12288K)
 Metaspace       used 128218K, committed 130688K, reserved 1179648K
  class space    used 17733K, committed 19008K, reserved 1048576K
}
Event: 39.378 GC heap after
{Heap after GC invocations=46 (full 0):
 garbage-first heap   total 323584K, used 153866K [0x0000000600000000, 0x0000000800000000)
  region size 4096K, 4 young (16384K), 4 survivors (16384K)
 Metaspace       used 128218K, committed 130688K, reserved 1179648K
  class space    used 17733K, committed 19008K, reserved 1048576K
}
Event: 39.672 GC heap before
{Heap before GC invocations=46 (full 0):
 garbage-first heap   total 323584K, used 276746K [0x0000000600000000, 0x0000000800000000)
  region size 4096K, 35 young (143360K), 4 survivors (16384K)
 Metaspace       used 128264K, committed 130752K, reserved 1179648K
  class space    used 17733K, committed 19008K, reserved 1048576K
}
Event: 39.684 GC heap after
{Heap after GC invocations=47 (full 0):
 garbage-first heap   total 323584K, used 157244K [0x0000000600000000, 0x0000000800000000)
  region size 4096K, 3 young (12288K), 3 survivors (12288K)
 Metaspace       used 128264K, committed 130752K, reserved 1179648K
  class space    used 17733K, committed 19008K, reserved 1048576K
}
Event: 40.606 GC heap before
{Heap before GC invocations=48 (full 0):
 garbage-first heap   total 323584K, used 284220K [0x0000000600000000, 0x0000000800000000)
  region size 4096K, 35 young (143360K), 3 survivors (12288K)
 Metaspace       used 128250K, committed 130752K, reserved 1179648K
  class space    used 17728K, committed 19008K, reserved 1048576K
}
Event: 40.613 GC heap after
{Heap after GC invocations=49 (full 0):
 garbage-first heap   total 323584K, used 162364K [0x0000000600000000, 0x0000000800000000)
  region size 4096K, 3 young (12288K), 3 survivors (12288K)
 Metaspace       used 128250K, committed 130752K, reserved 1179648K
  class space    used 17728K, committed 19008K, reserved 1048576K
}
Event: 41.477 GC heap before
{Heap before GC invocations=49 (full 0):
 garbage-first heap   total 323584K, used 285244K [0x0000000600000000, 0x0000000800000000)
  region size 4096K, 34 young (139264K), 3 survivors (12288K)
 Metaspace       used 128341K, committed 130816K, reserved 1179648K
  class space    used 17745K, committed 19008K, reserved 1048576K
}
Event: 41.509 GC heap after
{Heap after GC invocations=50 (full 0):
 garbage-first heap   total 479232K, used 181168K [0x0000000600000000, 0x0000000800000000)
  region size 4096K, 5 young (20480K), 5 survivors (20480K)
 Metaspace       used 128341K, committed 130816K, reserved 1179648K
  class space    used 17745K, committed 19008K, reserved 1048576K
}
Event: 42.473 GC heap before
{Heap before GC invocations=50 (full 0):
 garbage-first heap   total 479232K, used 418736K [0x0000000600000000, 0x0000000800000000)
  region size 4096K, 64 young (262144K), 5 survivors (20480K)
 Metaspace       used 129346K, committed 131776K, reserved 1179648K
  class space    used 17842K, committed 19072K, reserved 1048576K
}
Event: 42.501 GC heap after
{Heap after GC invocations=51 (full 0):
 garbage-first heap   total 479232K, used 192360K [0x0000000600000000, 0x0000000800000000)
  region size 4096K, 7 young (28672K), 7 survivors (28672K)
 Metaspace       used 129346K, committed 131776K, reserved 1179648K
  class space    used 17842K, committed 19072K, reserved 1048576K
}
Event: 43.548 GC heap before
{Heap before GC invocations=51 (full 0):
 garbage-first heap   total 479232K, used 413544K [0x0000000600000000, 0x0000000800000000)
  region size 4096K, 62 young (253952K), 7 survivors (28672K)
 Metaspace       used 129583K, committed 132032K, reserved 1179648K
  class space    used 17844K, committed 19072K, reserved 1048576K
}
Event: 43.576 GC heap after
{Heap after GC invocations=52 (full 0):
 garbage-first heap   total 479232K, used 194325K [0x0000000600000000, 0x0000000800000000)
  region size 4096K, 3 young (12288K), 3 survivors (12288K)
 Metaspace       used 129583K, committed 132032K, reserved 1179648K
  class space    used 17844K, committed 19072K, reserved 1048576K
}
Event: 44.502 GC heap before
{Heap before GC invocations=52 (full 0):
 garbage-first heap   total 479232K, used 431893K [0x0000000600000000, 0x0000000800000000)
  region size 4096K, 62 young (253952K), 3 survivors (12288K)
 Metaspace       used 129590K, committed 132032K, reserved 1179648K
  class space    used 17844K, committed 19072K, reserved 1048576K
}
Event: 44.517 GC heap after
{Heap after GC invocations=53 (full 0):
 garbage-first heap   total 479232K, used 197997K [0x0000000600000000, 0x0000000800000000)
  region size 4096K, 4 young (16384K), 4 survivors (16384K)
 Metaspace       used 129590K, committed 132032K, reserved 1179648K
  class space    used 17844K, committed 19072K, reserved 1048576K
}
Event: 45.016 GC heap before
{Heap before GC invocations=54 (full 0):
 garbage-first heap   total 507904K, used 427373K [0x0000000600000000, 0x0000000800000000)
  region size 4096K, 61 young (249856K), 4 survivors (16384K)
 Metaspace       used 129648K, committed 132096K, reserved 1179648K
  class space    used 17845K, committed 19072K, reserved 1048576K
}
Event: 45.036 GC heap after
{Heap after GC invocations=55 (full 0):
 garbage-first heap   total 507904K, used 199841K [0x0000000600000000, 0x0000000800000000)
  region size 4096K, 5 young (20480K), 5 survivors (20480K)
 Metaspace       used 129648K, committed 132096K, reserved 1179648K
  class space    used 17845K, committed 19072K, reserved 1048576K
}
Event: 45.683 GC heap before
{Heap before GC invocations=55 (full 0):
 garbage-first heap   total 507904K, used 453793K [0x0000000600000000, 0x0000000800000000)
  region size 4096K, 67 young (274432K), 5 survivors (20480K)
 Metaspace       used 129651K, committed 132096K, reserved 1179648K
  class space    used 17845K, committed 19072K, reserved 1048576K
}
Event: 45.868 GC heap after
{Heap after GC invocations=56 (full 0):
 garbage-first heap   total 724992K, used 197228K [0x0000000600000000, 0x0000000800000000)
  region size 4096K, 5 young (20480K), 5 survivors (20480K)
 Metaspace       used 129651K, committed 132096K, reserved 1179648K
  class space    used 17845K, committed 19072K, reserved 1048576K
}
Event: 48.530 GC heap before
{Heap before GC invocations=56 (full 0):
 garbage-first heap   total 724992K, used 606828K [0x0000000600000000, 0x0000000800000000)
  region size 4096K, 106 young (434176K), 5 survivors (20480K)
 Metaspace       used 129667K, committed 132096K, reserved 1179648K
  class space    used 17845K, committed 19072K, reserved 1048576K
}

Dll operation events (3 events):
Event: 0.016 Loaded shared library C:\Program Files\Android\Android Studio\jbr\bin\java.dll
Event: 0.025 Loaded shared library C:\Program Files\Android\Android Studio\jbr\bin\zip.dll
Event: 0.963 Loaded shared library C:\Program Files\Android\Android Studio\jbr\bin\verify.dll

Deoptimization events (20 events):
Event: 48.474 Thread 0x0000020a7cbb71c0 DEOPT PACKING pc=0x0000020a484ab22e sp=0x00000022a6bfb330
Event: 48.474 Thread 0x0000020a7cbb71c0 DEOPT UNPACKING pc=0x0000020a563c4e42 sp=0x00000022a6bfaa40 mode 0
Event: 48.487 Thread 0x0000020a7d9e7730 DEOPT PACKING pc=0x0000020a484ab22e sp=0x00000022a82fb060
Event: 48.487 Thread 0x0000020a7d9e7730 DEOPT UNPACKING pc=0x0000020a563c4e42 sp=0x00000022a82fa770 mode 0
Event: 48.489 Thread 0x0000020a7cbbacd0 DEOPT PACKING pc=0x0000020a484ab22e sp=0x00000022a71fb120
Event: 48.489 Thread 0x0000020a7cbbacd0 DEOPT UNPACKING pc=0x0000020a563c4e42 sp=0x00000022a71fa830 mode 0
Event: 48.493 Thread 0x0000020a7cbb71c0 DEOPT PACKING pc=0x0000020a484ab22e sp=0x00000022a6bfb1c0
Event: 48.493 Thread 0x0000020a7cbb71c0 DEOPT UNPACKING pc=0x0000020a563c4e42 sp=0x00000022a6bfa8d0 mode 0
Event: 48.500 Thread 0x0000020a7cbb9fb0 DEOPT PACKING pc=0x0000020a484ab22e sp=0x00000022a73fa8e0
Event: 48.500 Thread 0x0000020a7cbb9fb0 DEOPT UNPACKING pc=0x0000020a563c4e42 sp=0x00000022a73f9ff0 mode 0
Event: 48.509 Thread 0x0000020a7d9e2f00 DEOPT PACKING pc=0x0000020a484ab22e sp=0x00000022a7cfabd0
Event: 48.509 Thread 0x0000020a7d9e2f00 DEOPT UNPACKING pc=0x0000020a563c4e42 sp=0x00000022a7cfa2e0 mode 0
Event: 48.514 Thread 0x0000020a7d9e2f00 DEOPT PACKING pc=0x0000020a484ab22e sp=0x00000022a7cfabd0
Event: 48.514 Thread 0x0000020a7d9e2f00 DEOPT UNPACKING pc=0x0000020a563c4e42 sp=0x00000022a7cfa2e0 mode 0
Event: 48.520 Thread 0x0000020a7d9e2f00 DEOPT PACKING pc=0x0000020a484ab22e sp=0x00000022a7cfabd0
Event: 48.520 Thread 0x0000020a7d9e2f00 DEOPT UNPACKING pc=0x0000020a563c4e42 sp=0x00000022a7cfa2e0 mode 0
Event: 48.526 Thread 0x0000020a7cbb71c0 DEOPT PACKING pc=0x0000020a484ab22e sp=0x00000022a6bfb1c0
Event: 48.526 Thread 0x0000020a7cbb71c0 DEOPT UNPACKING pc=0x0000020a563c4e42 sp=0x00000022a6bfa8d0 mode 0
Event: 48.530 Thread 0x0000020a7cbb71c0 DEOPT PACKING pc=0x0000020a484ab22e sp=0x00000022a6bfb1c0
Event: 48.530 Thread 0x0000020a7cbb71c0 DEOPT UNPACKING pc=0x0000020a563c4e42 sp=0x00000022a6bfa8d0 mode 0

Classes loaded (20 events):
Event: 37.631 Loading class java/io/CharArrayWriter
Event: 37.631 Loading class java/io/CharArrayWriter done
Event: 37.680 Loading class java/nio/file/StandardCopyOption
Event: 37.680 Loading class java/nio/file/StandardCopyOption done
Event: 37.680 Loading class sun/nio/fs/WindowsFileCopy
Event: 37.681 Loading class sun/nio/fs/WindowsFileCopy done
Event: 38.297 Loading class java/util/zip/ZipFile$ZipEntryIterator
Event: 38.297 Loading class java/util/zip/ZipFile$ZipEntryIterator done
Event: 38.302 Loading class java/util/zip/ZipInputStream
Event: 38.304 Loading class java/util/zip/ZipInputStream done
Event: 41.681 Loading class java/nio/charset/UnsupportedCharsetException
Event: 41.681 Loading class java/nio/charset/UnsupportedCharsetException done
Event: 41.686 Loading class java/util/Collections$UnmodifiableSortedMap
Event: 41.686 Loading class java/util/Collections$UnmodifiableSortedMap done
Event: 41.691 Loading class java/util/zip/Deflater
Event: 41.692 Loading class java/util/zip/Deflater done
Event: 41.693 Loading class java/util/zip/Deflater$DeflaterZStreamRef
Event: 41.693 Loading class java/util/zip/Deflater$DeflaterZStreamRef done
Event: 41.744 Loading class java/nio/StringCharBuffer
Event: 41.745 Loading class java/nio/StringCharBuffer done

Classes unloaded (4 events):
Event: 39.852 Thread 0x0000020a74b6f8b0 Unloading class 0x000000080123c810 '_BuildScript_$_run_closure1$_closure3'
Event: 39.852 Thread 0x0000020a74b6f8b0 Unloading class 0x000000080123c408 '_BuildScript_$_run_closure1$_closure2'
Event: 39.852 Thread 0x0000020a74b6f8b0 Unloading class 0x000000080123c000 '_BuildScript_$_run_closure1'
Event: 39.852 Thread 0x0000020a74b6f8b0 Unloading class 0x0000000801234000 '_BuildScript_'

Classes redefined (0 events):
No events

Internal exceptions (20 events):
Event: 43.861 Thread 0x0000020a7d9e70a0 Exception <a 'sun/nio/fs/WindowsException'{0x0000000618ca4e28}> (0x0000000618ca4e28) 
thrown [s\src\hotspot\share\prims\jni.cpp, line 535]
Event: 43.864 Thread 0x0000020a7d9e3590 Exception <a 'sun/nio/fs/WindowsException'{0x00000006192f8d78}> (0x00000006192f8d78) 
thrown [s\src\hotspot\share\prims\jni.cpp, line 535]
Event: 43.864 Thread 0x0000020a7cbbcda0 Exception <a 'sun/nio/fs/WindowsException'{0x0000000618deed60}> (0x0000000618deed60) 
thrown [s\src\hotspot\share\prims\jni.cpp, line 535]
Event: 44.363 Thread 0x0000020a7cbbb9f0 Exception <a 'sun/nio/fs/WindowsException'{0x00000006117b0b90}> (0x00000006117b0b90) 
thrown [s\src\hotspot\share\prims\jni.cpp, line 535]
Event: 44.455 Thread 0x0000020a7ab742a0 Exception <a 'sun/nio/fs/WindowsException'{0x0000000610e58820}> (0x0000000610e58820) 
thrown [s\src\hotspot\share\prims\jni.cpp, line 535]
Event: 44.548 Thread 0x0000020a7d9e2f00 Exception <a 'sun/nio/fs/WindowsException'{0x00000007ff606938}> (0x00000007ff606938) 
thrown [s\src\hotspot\share\prims\jni.cpp, line 535]
Event: 44.621 Thread 0x0000020a7d9e5cf0 Exception <a 'sun/nio/fs/WindowsException'{0x000000061979c1a0}> (0x000000061979c1a0) 
thrown [s\src\hotspot\share\prims\jni.cpp, line 535]
Event: 44.783 Thread 0x0000020a7d9e70a0 Exception <a 'sun/nio/fs/WindowsException'{0x000000061c422168}> (0x000000061c422168) 
thrown [s\src\hotspot\share\prims\jni.cpp, line 535]
Event: 44.898 Thread 0x0000020a7d9e3c20 Exception <a 'sun/nio/fs/WindowsException'{0x00000006140debd8}> (0x00000006140debd8) 
thrown [s\src\hotspot\share\prims\jni.cpp, line 535]
Event: 44.971 Thread 0x0000020a7d9e2f00 Exception <a 'sun/nio/fs/WindowsException'{0x00000006143b7af8}> (0x00000006143b7af8) 
thrown [s\src\hotspot\share\prims\jni.cpp, line 535]
Event: 45.112 Thread 0x0000020a7d9e5cf0 Exception <a 'sun/nio/fs/WindowsException'{0x000000061bf58e50}> (0x000000061bf58e50) 
thrown [s\src\hotspot\share\prims\jni.cpp, line 535]
Event: 45.182 Thread 0x0000020a7d9e3590 Exception <a 'sun/nio/fs/WindowsException'{0x0000000619f97d50}> (0x0000000619f97d50) 
thrown [s\src\hotspot\share\prims\jni.cpp, line 535]
Event: 45.389 Thread 0x0000020a7cbb9290 Exception <a 'sun/nio/fs/WindowsException'{0x0000000616de0770}> (0x0000000616de0770) 
thrown [s\src\hotspot\share\prims\jni.cpp, line 535]
Event: 45.401 Thread 0x0000020a7cbbcda0 Exception <a 'sun/nio/fs/WindowsException'{0x000000061507bbc0}> (0x000000061507bbc0) 
thrown [s\src\hotspot\share\prims\jni.cpp, line 535]
Event: 45.660 Thread 0x0000020a7cbb7ee0 Exception <a 'sun/nio/fs/WindowsException'{0x000000060e366988}> (0x000000060e366988) 
thrown [s\src\hotspot\share\prims\jni.cpp, line 535]
Event: 45.954 Thread 0x0000020a7d9e3590 Exception <a 'sun/nio/fs/WindowsException'{0x0000000629015628}> (0x0000000629015628) 
thrown [s\src\hotspot\share\prims\jni.cpp, line 535]
Event: 46.094 Thread 0x0000020a7cbb7ee0 Exception <a 'sun/nio/fs/WindowsException'{0x0000000625b5c6a8}> (0x0000000625b5c6a8) 
thrown [s\src\hotspot\share\prims\jni.cpp, line 535]
Event: 46.238 Thread 0x0000020a7d9e5cf0 Exception <a 'sun/nio/fs/WindowsException'{0x000000061f529180}> (0x000000061f529180) 
thrown [s\src\hotspot\share\prims\jni.cpp, line 535]
Event: 46.410 Thread 0x0000020a7d9e5cf0 Exception <a 'sun/nio/fs/WindowsException'{0x000000061d73e7e8}> (0x000000061d73e7e8) 
thrown [s\src\hotspot\share\prims\jni.cpp, line 535]
Event: 48.450 Thread 0x0000020a7d9e5cf0 Exception <a 'sun/nio/fs/WindowsException'{0x0000000616eb8698}> (0x0000000616eb8698) 
thrown [s\src\hotspot\share\prims\jni.cpp, line 535]

ZGC Phase Switch (0 events):
No events

VM Operations (20 events):
Event: 43.529 Executing VM operation: Cleanup done
Event: 43.547 Executing VM operation: G1CollectForAllocation (G1 Evacuation Pause)
Event: 43.548 Executing VM operation: G1CollectForAllocation (G1 Evacuation Pause) done
Event: 43.548 Executing VM operation: G1CollectForAllocation (GCLocker Initiated GC)
Event: 43.576 Executing VM operation: G1CollectForAllocation (GCLocker Initiated GC) done
Event: 44.501 Executing VM operation: G1CollectForAllocation (G1 Evacuation Pause)
Event: 44.519 Executing VM operation: G1CollectForAllocation (G1 Evacuation Pause) done
Event: 44.709 Executing VM operation: G1PauseRemark
Event: 44.720 Executing VM operation: G1PauseRemark done
Event: 44.793 Executing VM operation: G1PauseCleanup
Event: 44.795 Executing VM operation: G1PauseCleanup done
Event: 45.016 Executing VM operation: G1CollectForAllocation (G1 Evacuation Pause)
Event: 45.039 Executing VM operation: G1CollectForAllocation (G1 Evacuation Pause) done
Event: 45.681 Executing VM operation: G1CollectForAllocation (G1 Evacuation Pause)
Event: 45.682 Executing VM operation: G1CollectForAllocation (G1 Evacuation Pause) done
Event: 45.683 Executing VM operation: G1CollectForAllocation (GCLocker Initiated GC)
Event: 45.868 Executing VM operation: G1CollectForAllocation (GCLocker Initiated GC) done
Event: 46.875 Executing VM operation: Cleanup
Event: 48.283 Executing VM operation: Cleanup done
Event: 48.530 Executing VM operation: G1CollectForAllocation (G1 Evacuation Pause)

Events (20 events):
Event: 44.718 Thread 0x0000020a74b6f8b0 flushing nmethod 0x0000020a4674c290
Event: 44.718 Thread 0x0000020a74b6f8b0 flushing nmethod 0x0000020a57252410
Event: 44.718 Thread 0x0000020a74b6f8b0 flushing nmethod 0x0000020a5726b210
Event: 44.718 Thread 0x0000020a74b6f8b0 flushing nmethod 0x0000020a5724de90
Event: 44.718 Thread 0x0000020a74b6f8b0 flushing nmethod 0x0000020a5725e410
Event: 44.718 Thread 0x0000020a74b6f8b0 flushing nmethod 0x0000020a5724b810
Event: 44.718 Thread 0x0000020a74b6f8b0 flushing nmethod 0x0000020a56e3c790
Event: 44.718 Thread 0x0000020a74b6f8b0 flushing nmethod 0x0000020a570b4d90
Event: 44.718 Thread 0x0000020a74b6f8b0 flushing nmethod 0x0000020a56f9bb90
Event: 44.718 Thread 0x0000020a74b6f8b0 flushing nmethod 0x0000020a56f5be10
Event: 44.718 Thread 0x0000020a74b6f8b0 flushing nmethod 0x0000020a56f6d090
Event: 44.718 Thread 0x0000020a74b6f8b0 flushing nmethod 0x0000020a56e33110
Event: 44.719 Thread 0x0000020a74b6f8b0 flushing nmethod 0x0000020a56e32710
Event: 44.719 Thread 0x0000020a74b6f8b0 flushing nmethod 0x0000020a56e2d410
Event: 44.719 Thread 0x0000020a74b6f8b0 flushing nmethod 0x0000020a56cb7b10
Event: 44.719 Thread 0x0000020a74b6f8b0 flushing nmethod 0x0000020a56ca5310
Event: 44.719 Thread 0x0000020a74b6f8b0 flushing nmethod 0x0000020a56b98c10
Event: 44.719 Thread 0x0000020a74b6f8b0 flushing nmethod 0x0000020a56affc10
Event: 44.719 Thread 0x0000020a74b6f8b0 flushing nmethod 0x0000020a56af1810
Event: 44.719 Thread 0x0000020a74b6f8b0 flushing nmethod 0x0000020a56b0fb90


Dynamic libraries:
0x00007ff6a7eb0000 - 0x00007ff6a7eba000 	C:\Program Files\Android\Android Studio\jbr\bin\java.exe
0x00007ffa0ade0000 - 0x00007ffa0b046000 	C:\WINDOWS\SYSTEM32\ntdll.dll
0x00007ffa09ba0000 - 0x00007ffa09c69000 	C:\WINDOWS\System32\KERNEL32.DLL
0x00007ffa08130000 - 0x00007ffa0852a000 	C:\WINDOWS\System32\KERNELBASE.dll
0x00007ffa086a0000 - 0x00007ffa087ec000 	C:\WINDOWS\System32\ucrtbase.dll
0x00007ff9fdcd0000 - 0x00007ff9fdce8000 	C:\Program Files\Android\Android Studio\jbr\bin\jli.dll
0x00007ff9fdcb0000 - 0x00007ff9fdccb000 	C:\Program Files\Android\Android Studio\jbr\bin\VCRUNTIME140.dll
0x00007ffa0a550000 - 0x00007ffa0a717000 	C:\WINDOWS\System32\USER32.dll
0x00007ff9f3120000 - 0x00007ff9f33b2000 	C:\WINDOWS\WinSxS\amd64_microsoft.windows.common-controls_6595b64144ccf1df_6.0.26100.8521_none_3e08b75ce33403b3\COMCTL32.dll
0x00007ffa08530000 - 0x00007ffa08557000 	C:\WINDOWS\System32\win32u.dll
0x00007ffa09c70000 - 0x00007ffa09d19000 	C:\WINDOWS\System32\msvcrt.dll
0x00007ffa097b0000 - 0x00007ffa097db000 	C:\WINDOWS\System32\GDI32.dll
0x00007ffa087f0000 - 0x00007ffa0891b000 	C:\WINDOWS\System32\gdi32full.dll
0x00007ffa08920000 - 0x00007ffa089c3000 	C:\WINDOWS\System32\msvcp_win.dll
0x00007ffa08ef0000 - 0x00007ffa08f22000 	C:\WINDOWS\System32\IMM32.DLL
0x00007ff9fe360000 - 0x00007ff9fe36c000 	C:\Program Files\Android\Android Studio\jbr\bin\vcruntime140_1.dll
0x00007ff9e8b30000 - 0x00007ff9e8bbd000 	C:\Program Files\Android\Android Studio\jbr\bin\msvcp140.dll
0x00007ff96e240000 - 0x00007ff96eebd000 	C:\Program Files\Android\Android Studio\jbr\bin\server\jvm.dll
0x00007ffa08f30000 - 0x00007ffa08fe6000 	C:\WINDOWS\System32\ADVAPI32.dll
0x00007ffa09a90000 - 0x00007ffa09b3a000 	C:\WINDOWS\System32\sechost.dll
0x00007ffa08b50000 - 0x00007ffa08c68000 	C:\WINDOWS\System32\RPCRT4.dll
0x00007ffa0abb0000 - 0x00007ffa0ac30000 	C:\WINDOWS\System32\WS2_32.dll
0x00007ffa07ef0000 - 0x00007ffa07f4e000 	C:\WINDOWS\SYSTEM32\POWRPROF.dll
0x00007ff9fe440000 - 0x00007ff9fe476000 	C:\WINDOWS\SYSTEM32\WINMM.dll
0x00007ff9ffce0000 - 0x00007ff9ffceb000 	C:\WINDOWS\SYSTEM32\VERSION.dll
0x00007ffa07ed0000 - 0x00007ffa07ee4000 	C:\WINDOWS\SYSTEM32\UMPDC.dll
0x00007ffa06dd0000 - 0x00007ffa06deb000 	C:\WINDOWS\SYSTEM32\kernel.appcore.dll
0x00007ff9f95e0000 - 0x00007ff9f95ea000 	C:\Program Files\Android\Android Studio\jbr\bin\jimage.dll
0x00007ff9fee10000 - 0x00007ff9ff052000 	C:\WINDOWS\SYSTEM32\DBGHELP.DLL
0x00007ffa09160000 - 0x00007ffa094e3000 	C:\WINDOWS\System32\combase.dll
0x00007ffa094f0000 - 0x00007ffa095c9000 	C:\WINDOWS\System32\OLEAUT32.dll
0x00007ff9e4d30000 - 0x00007ff9e4d6b000 	C:\WINDOWS\SYSTEM32\dbgcore.DLL
0x00007ffa08560000 - 0x00007ffa08608000 	C:\WINDOWS\System32\bcryptPrimitives.dll
0x00007ff9f8460000 - 0x00007ff9f846e000 	C:\Program Files\Android\Android Studio\jbr\bin\instrument.dll
0x00007ff9f68d0000 - 0x00007ff9f68ef000 	C:\Program Files\Android\Android Studio\jbr\bin\java.dll
0x00007ff9f68b0000 - 0x00007ff9f68c8000 	C:\Program Files\Android\Android Studio\jbr\bin\zip.dll
0x00007ffa09d20000 - 0x00007ffa0a4a4000 	C:\WINDOWS\System32\SHELL32.dll
0x00007ffa05c00000 - 0x00007ffa06480000 	C:\WINDOWS\SYSTEM32\windows.storage.dll
0x00007ffa096b0000 - 0x00007ffa097a6000 	C:\WINDOWS\System32\SHCORE.dll
0x00007ffa08e80000 - 0x00007ffa08ee7000 	C:\WINDOWS\System32\shlwapi.dll
0x00007ffa07f90000 - 0x00007ffa07fb9000 	C:\WINDOWS\SYSTEM32\profapi.dll
0x00007ff9f95d0000 - 0x00007ff9f95e0000 	C:\Program Files\Android\Android Studio\jbr\bin\net.dll
0x00007ffa00950000 - 0x00007ffa00a79000 	C:\WINDOWS\SYSTEM32\WINHTTP.dll
0x00007ffa07370000 - 0x00007ffa073dc000 	C:\WINDOWS\system32\mswsock.dll
0x00007ff9f3c90000 - 0x00007ff9f3ca6000 	C:\Program Files\Android\Android Studio\jbr\bin\nio.dll
0x00007ff9f95a0000 - 0x00007ff9f95b0000 	C:\Program Files\Android\Android Studio\jbr\bin\verify.dll
0x00007ff9e02c0000 - 0x00007ff9e02e7000 	C:\Users\jobel\.gradle\native\1def1411415f61bf3af743bc5b6707747c0891f09f0c88961ee8f79bc544acac\windows-amd64\native-platform.dll
0x00007ff9ea6f0000 - 0x00007ff9ea768000 	C:\Users\jobel\.gradle\native\0.2.7\x86_64-windows-gnu\gradle-fileevents.dll
0x00007ff9f9580000 - 0x00007ff9f9589000 	C:\Program Files\Android\Android Studio\jbr\bin\management.dll
0x00007ff9f8be0000 - 0x00007ff9f8beb000 	C:\Program Files\Android\Android Studio\jbr\bin\management_ext.dll
0x00007ffa0ac40000 - 0x00007ffa0ac48000 	C:\WINDOWS\System32\PSAPI.DLL
0x00007ffa067b0000 - 0x00007ffa067e3000 	C:\WINDOWS\SYSTEM32\IPHLPAPI.DLL
0x00007ffa095d0000 - 0x00007ffa095da000 	C:\WINDOWS\System32\NSI.dll
0x00007ff9f8540000 - 0x00007ff9f8549000 	C:\Program Files\Android\Android Studio\jbr\bin\extnet.dll
0x00007ffa07650000 - 0x00007ffa0766b000 	C:\WINDOWS\SYSTEM32\CRYPTSP.dll
0x00007ffa06d30000 - 0x00007ffa06d69000 	C:\WINDOWS\system32\rsaenh.dll
0x00007ffa07420000 - 0x00007ffa07453000 	C:\WINDOWS\SYSTEM32\USERENV.dll
0x00007ffa07f60000 - 0x00007ffa07f8a000 	C:\WINDOWS\SYSTEM32\bcrypt.dll
0x00007ffa07670000 - 0x00007ffa0767c000 	C:\WINDOWS\SYSTEM32\CRYPTBASE.dll
0x00007ff99a280000 - 0x00007ff99a288000 	C:\WINDOWS\system32\wshunix.dll
0x00007ff9f22a0000 - 0x00007ff9f22b8000 	C:\WINDOWS\system32\napinsp.dll
0x00007ffa06840000 - 0x00007ffa0698a000 	C:\WINDOWS\SYSTEM32\DNSAPI.dll
0x00007ffa07170000 - 0x00007ffa0717d000 	C:\WINDOWS\SYSTEM32\DSPARSE.dll
0x00007ff9f2240000 - 0x00007ff9f2253000 	C:\WINDOWS\System32\winrnr.dll
0x00007ff9f2210000 - 0x00007ff9f2232000 	C:\WINDOWS\system32\nlansp_c.dll
0x00007ff9fe480000 - 0x00007ff9fe496000 	C:\WINDOWS\system32\wshbth.dll
0x00007ffa006b0000 - 0x00007ffa006bb000 	C:\Windows\System32\rasadhlp.dll
0x00007ffa01060000 - 0x00007ffa010e6000 	C:\WINDOWS\System32\fwpuclnt.dll

dbghelp: loaded successfully - version: 4.0.5 - missing functions: none
symbol engine: initialized successfully - sym options: 0x614 - pdb path: .;C:\Program Files\Android\Android Studio\jbr\bin;C:\WINDOWS\SYSTEM32;C:\WINDOWS\WinSxS\amd64_microsoft.windows.common-controls_6595b64144ccf1df_6.0.26100.8521_none_3e08b75ce33403b3;C:\Program Files\Android\Android Studio\jbr\bin\server;C:\Users\jobel\.gradle\native\1def1411415f61bf3af743bc5b6707747c0891f09f0c88961ee8f79bc544acac\windows-amd64;C:\Users\jobel\.gradle\native\0.2.7\x86_64-windows-gnu

VM Arguments:
jvm_args: --add-opens=java.base/java.lang=ALL-UNNAMED --add-opens=java.base/java.lang.invoke=ALL-UNNAMED --add-opens=java.base/java.util=ALL-UNNAMED --add-opens=java.prefs/java.util.prefs=ALL-UNNAMED --add-exports=jdk.compiler/com.sun.tools.javac.api=ALL-UNNAMED --add-exports=jdk.compiler/com.sun.tools.javac.util=ALL-UNNAMED --add-opens=java.base/java.util=ALL-UNNAMED --add-opens=java.prefs/java.util.prefs=ALL-UNNAMED --add-opens=java.base/java.nio.charset=ALL-UNNAMED --add-opens=java.base/java.net=ALL-UNNAMED --add-opens=java.base/java.util.concurrent.atomic=ALL-UNNAMED --add-opens=java.xml/javax.xml.namespace=ALL-UNNAMED -XX:MaxMetaspaceSize=4G -XX:ReservedCodeCacheSize=512m -XX:+HeapDumpOnOutOfMemoryError -Xmx8G -Dfile.encoding=UTF-8 -Duser.country=FR -Duser.language=fr -Duser.variant -javaagent:C:\Users\jobel\.gradle\wrapper\dists\gradle-8.14-all\c2qonpi39x1mddn7hk5gh9iqj\gradle-8.14\lib\agents\gradle-instrumentation-agent-8.14.jar 
java_command: org.gradle.launcher.daemon.bootstrap.GradleDaemon 8.14
java_class_path (initial): C:\Users\jobel\.gradle\wrapper\dists\gradle-8.14-all\c2qonpi39x1mddn7hk5gh9iqj\gradle-8.14\lib\gradle-daemon-main-8.14.jar
Launcher Type: SUN_STANDARD

[Global flags]
     intx CICompilerCount                          = 12                                        {product} {ergonomic}
     uint ConcGCThreads                            = 3                                         {product} {ergonomic}
     uint G1ConcRefinementThreads                  = 13                                        {product} {ergonomic}
   size_t G1HeapRegionSize                         = 4194304                                   {product} {ergonomic}
    uintx GCDrainStackTargetSize                   = 64                                        {product} {ergonomic}
     bool HeapDumpOnOutOfMemoryError               = true                                   {manageable} {command line}
   size_t InitialHeapSize                          = 260046848                                 {product} {ergonomic}
   size_t MarkStackSize                            = 4194304                                   {product} {ergonomic}
   size_t MaxHeapSize                              = 8589934592                                {product} {command line}
   size_t MaxMetaspaceSize                         = 4294967296                                {product} {command line}
   size_t MaxNewSize                               = 5150605312                                {product} {ergonomic}
   size_t MinHeapDeltaBytes                        = 4194304                                   {product} {ergonomic}
   size_t MinHeapSize                              = 8388608                                   {product} {ergonomic}
    uintx NonNMethodCodeHeapSize                   = 7602480                                {pd product} {ergonomic}
    uintx NonProfiledCodeHeapSize                  = 264634216                              {pd product} {ergonomic}
    uintx ProfiledCodeHeapSize                     = 264634216                              {pd product} {ergonomic}
    uintx ReservedCodeCacheSize                    = 536870912                              {pd product} {command line}
     bool SegmentedCodeCache                       = true                                      {product} {ergonomic}
   size_t SoftMaxHeapSize                          = 8589934592                             {manageable} {ergonomic}
     bool UseCompressedOops                        = true                           {product lp64_product} {ergonomic}
     bool UseG1GC                                  = true                                      {product} {ergonomic}
     bool UseLargePagesIndividualAllocation        = false                                  {pd product} {ergonomic}

Logging:
Log output configuration:
 #0: stdout all=warning uptime,level,tags foldmultilines=false
 #1: stderr all=off uptime,level,tags foldmultilines=false

Environment Variables:
JAVA_HOME=C:\Program Files\Android\Android Studio\jbr
CLASSPATH=D:\Projet\Bank\mobile-frontend\android\\gradle\wrapper\gradle-wrapper.jar
PATH=C:\Program Files\Android\Android Studio\jbr\bin;C:/Users/jobel/.gemini/antigravity/bin;C:\Users\jobel\AppData\Roaming\Antigravity\bin;C:\Program Files\Common Files\Oracle\Java\javapath;C:\Program Files (x86)\Common Files\Intel\Shared Libraries\redist\intel64\compiler;C:\Windows\system32;C:\Windows;C:\Windows\System32\Wbem;C:\Windows\System32\WindowsPowerShell\v1.0\;C:\Windows\System32\OpenSSH\;C:\Program Files\nodejs\;C:\Program Files\Git\cmd;C:\Users\jobel\AppData\Local\Microsoft\WindowsApps\;C:\Users\jobel\AppData\Local\Programs\Python\Python313\Scripts\;C:\Users\jobel\AppData\Local\Programs\Python\Python313\;C:\Users\jobel\AppData\Local\Programs\Python\Launcher\;C:\Users\jobel\AppData\Local\Programs\Microsoft VS Code\bin;C:\Users\jobel\AppData\Roaming\npm;C:\Users\jobel\AppData\Local\Programs\Windsurf\bin;C:\src\flutter\bin;C:\Program Files\Android\Android Studio\jbr\bin;C:\WINDOWS\system32;C:\WINDOWS;C:\WINDOWS\System32\Wbem;C:\WINDOWS\System32\WindowsPowerShell\v1.0\;C:\WINDOWS\System32\OpenSSH\;C:\Program Files\PuTTY\;C:\Program Files\Amazon\AWSCLIV2\;C:\Program Files\Docker\Docker\resources\bin;C:\Program Files\Common Files\Oracle\Java\javapath;C:\Program Files (x86)\Common Files\Intel\Shared Libraries\redist\intel64\compiler;C:\Windows\system32;C:\Windows;C:\Windows\System32\Wbem;C:\Windows\System32\WindowsPowerShell\v1.0\;C:\Windows\System32\OpenSSH\;C:\Program Files\nodejs\;C:\Program Files\Git\cmd;C:\Users\jobel\AppData\Local\Microsoft\WindowsApps\;C:\Users\jobel\AppData\Local\Programs\Python\Python313\Scripts\;C:\Users\jobel\AppData\Local\Programs\Python\Python313\;C:\Users\jobel\AppData\Local\Programs\Python\Launcher\;C:\Users\jobel\AppData\Local\Programs\Microsoft VS Code\bin;C:\Users\jobel\AppData\Roaming\npm;C:\Users\jobel\AppData\Local\Programs\Windsurf\bin;C:\src\flutter\bin;C:\Program Files\Android\Android Studio\jbr\bin;C:\WINDOWS\system32;C:\WINDOWS;C:\WINDOWS\System32\Wbem;C:\WINDOWS\System32\WindowsPowerShell\v1.0\;C:\WINDOWS\System32\OpenSSH\;C:\Program Files\Docker\Docker\resources\bin;C:\Program Files\PuTTY\;C:\Program Files\Amazon\AWSCLIV2\;C:\Users\jobel\AppData\Local\pnpm;C:\Program Files\Common Files\Oracle\Java\javapath;C:\Program Files (x86)\Common Files\Intel\Shared Libraries\redist\intel64\compiler;C:\Windows\system32;C:\Windows;C:\Windows\System32\Wbem;C:\Windows\System32\WindowsPowerShell\v1.0\;C:\Windows\System32\OpenSSH\;C:\Program Files\nodejs\;C:\Program Files\Git\cmd;C:\Users\jobel\AppData\Local\Microsoft\WindowsApps\;C:\Users\jobel\AppData\Local\Programs\Python\Python313\Scripts\;C:\Users\jobel\AppData\Local\Programs\Python\Python313\;C:\Users\jobel\AppData\Local\Programs\Python\Launcher\;C:\Users\jobel\AppData\Local\Programs\Microsoft VS Code\bin;C:\Users\jobel\AppData\Roaming\npm;C:\Users\jobel\AppData\Local\Programs\Windsurf\bin;C:\src\flutter\bin;C:\Program Files\Android\Android Studio\jbr\bin;;C:\Users\jobel\AppData\Local\Pub\Cache\bin;C:\Users\jobel\AppData\Local\Microsoft\WindowsApps;C:\Users\jobel\.npm-global;C:\Program Files\Amazon\AWSCLIV2;C:\Users\jobel\AppData\Local\Microsoft\WinGet\Links;C:\Users\jobel\AppData\Local\Android\Sdk\platform-tools;C:\Users\jobel\AppData\Local\Android\Sdk\platform-tools;C:\Chemin\Vers\Claude;C:\Users\jobel\.npm-global\node_modules\@anthropic-ai\claude-code\node_modules\@anthropic-ai\claude-code-win32-x64;C:\Users\jobel\.local\bin;C:\src\flutter\bin\mingit\cmd
USERNAME=jobel
OS=Windows_NT
PROCESSOR_IDENTIFIER=AMD64 Family 25 Model 80 Stepping 0, AuthenticAMD
TMP=C:\Users\jobel\AppData\Local\Temp
TEMP=C:\Users\jobel\AppData\Local\Temp




Periodic native trim disabled

JNI global refs:
JNI global refs: 37, weak refs: 145

JNI global refs memory usage: 835, weak refs: 2097

Process memory usage:
Resident Set Size: 1116060K (6% of 16151736K total physical memory with 486404K free physical memory)

OOME stack traces (most recent first):
Classloader memory used:
Loader org.gradle.internal.classloader.VisitableURLClassLoader                         : 53186K
Loader org.gradle.internal.classloader.VisitableURLClassLoader$InstrumentingVisitableURLClassLoader: 33043K
Loader bootstrap                                                                       : 28938K
Loader org.gradle.initialization.MixInLegacyTypesClassLoader                           : 12962K
Loader jdk.internal.loader.ClassLoaders$PlatformClassLoader                            : 562K
Loader org.gradle.groovy.scripts.internal.DefaultScriptCompilationHandler$ScriptClassLoader: 281K
Loader jdk.internal.loader.ClassLoaders$AppClassLoader                                 : 238K
Loader jdk.internal.reflect.DelegatingClassLoader                                      : 230K
Loader org.gradle.internal.classloader.VisitableURLClassLoader                         : 184K
Loader org.codehaus.groovy.runtime.callsite.CallSiteClassLoader                        : 41840B

Classes loaded by more than one classloader:
Class Program                                                                         : loaded 11 times (x 69B)
Class Build_gradle$1                                                                  : loaded 4 times (x 72B)
Class Build_gradle                                                                    : loaded 4 times (x 127B)
Class Build_gradle$2                                                                  : loaded 3 times (x 71B)
Class Settings_gradle                                                                 : loaded 3 times (x 125B)
Class com.google.common.collect.RegularImmutableMap$KeySet                            : loaded 2 times (x 149B)
Class org.gradle.internal.classloader.FilteringClassLoader                            : loaded 2 times (x 102B)
Class build_3mn1zomb94c4mrrwn8qbm8rds                                                 : loaded 2 times (x 178B)
Class org.jetbrains.kotlin.gradle.tasks.CInteropProcess                               : loaded 2 times (x 344B)
Class org.jetbrains.kotlin.gradle.internal.KotlinDomApiDependencyManagementKt         : loaded 2 times (x 68B)
Class org.jetbrains.kotlin.gradle.plugin.KotlinPluginLifecycleImpl$launch$coroutine$1 : loaded 2 times (x 73B)
Class org.jetbrains.kotlin.gradle.targets.js.npm.NpmDependencyExtensionKt$defaultNpmDependencyDelegate$1: loaded 2 times (x 164B)
Class org.jetbrains.kotlin.gradle.plugin.diagnostics.checkers.MissingNativeStdlibChecker: loaded 2 times (x 71B)
Class org.jetbrains.kotlin.gradle.targets.native.KotilnNativeConfigureBinariesSideEffectKt: loaded 2 times (x 68B)
Class org.jetbrains.kotlin.gradle.plugin.KotlinPlatformType$DisambiguationRule        : loaded 2 times (x 73B)
Class org.jetbrains.kotlin.gradle.plugin.KotlinPlatformType$Companion                 : loaded 2 times (x 68B)
Class org.jetbrains.kotlin.gradle.plugin.internal.ConfigurationCacheStartParameterAccessorKt: loaded 2 times (x 68B)
Class com.google.common.base.CharMatcher$IsEither                                     : loaded 2 times (x 108B)
Class org.gradle.internal.classloader.ClassLoaderHierarchy                            : loaded 2 times (x 67B)
Class build_3mn1zomb94c4mrrwn8qbm8rds$_run_closure1                                   : loaded 2 times (x 136B)
Class org.jetbrains.kotlin.gradle.plugin.hierarchy.KotlinSourceSetTreeClassifierKt    : loaded 2 times (x 68B)
Class org.jetbrains.kotlin.gradle.report.UsesBuildMetricsService                      : loaded 2 times (x 67B)
Class org.jetbrains.kotlin.gradle.plugin.mpp.compilationImpl.factory.KotlinCompilationImplFactory$KotlinCompilationSourceSetsContainerFactory: loaded 2 times (x 67B)
Class org.jetbrains.kotlin.gradle.utils.MutableObservableSet                          : loaded 2 times (x 67B)
Class org.jetbrains.kotlin.gradle.dsl.KotlinHierarchyDsl                              : loaded 2 times (x 67B)
Class org.jetbrains.kotlin.gradle.report.BuildReportType                              : loaded 2 times (x 76B)
Class org.jetbrains.kotlin.statistics.metrics.StringAnonymizationPolicy$AllowedListAnonymizer: loaded 2 times (x 76B)
Class com.google.common.collect.ImmutableEnumSet                                      : loaded 2 times (x 143B)
Class com.google.common.util.concurrent.ExecutionError                                : loaded 2 times (x 79B)
Class com.google.common.collect.ImmutableList$1                                       : loaded 2 times (x 94B)
Class org.gradle.api.internal.classpath.ManifestUtil                                  : loaded 2 times (x 68B)
Class org.jetbrains.kotlin.gradle.plugin.mpp.KotlinMetadataCompilation                : loaded 2 times (x 67B)
Class org.jetbrains.kotlin.gradle.plugin.sources.KotlinDependencyScope                : loaded 2 times (x 76B)
Class org.jetbrains.kotlin.gradle.tasks.configuration.AbstractKotlinCompileConfig$1   : loaded 2 times (x 76B)
Class org.jetbrains.kotlin.gradle.plugin.mpp.compilationImpl.KotlinCompilationFriendPathsResolver: loaded 2 times (x 67B)
Class org.jetbrains.kotlin.konan.target.KonanTarget$ANDROID_ARM64                     : loaded 2 times (x 75B)
Class org.jetbrains.kotlin.gradle.artifacts.KotlinNativeHostSpecificMetadataArtifactKt$KotlinNativeHostSpecificMetadataArtifact$1: loaded 2 times (x 71B)
Class org.jetbrains.kotlin.gradle.plugin.mpp.compilationImpl.KotlinCompilationSideEffect$Companion: loaded 2 times (x 68B)
Class org.jetbrains.kotlin.gradle.plugin.mpp.KotlinUsages$KotlinMetadataDisambiguation: loaded 2 times (x 73B)
Class org.jetbrains.kotlin.gradle.internal.properties.PropertiesBuildService$IntGradleProperty: loaded 2 times (x 73B)
Class com.google.common.collect.RegularImmutableMap                                   : loaded 2 times (x 118B)
Class com.google.common.collect.ImmutableMap$MapViewOfValuesAsSingletonSets           : loaded 2 times (x 123B)
Class org.jetbrains.kotlin.gradle.internal.transforms.BuildToolsApiClasspathEntrySnapshotTransform: loaded 2 times (x 79B)
Class org.jetbrains.kotlin.gradle.tasks.configuration.AbstractKotlinCompileConfig$2   : loaded 2 times (x 76B)
Class org.jetbrains.kotlin.gradle.plugin.mpp.compilationImpl.factory.KotlinCompilationImplFactory$PreConfigure: loaded 2 times (x 67B)
Class org.jetbrains.kotlin.gradle.plugin.KotlinProjectSetupActionKt$KotlinProjectSetupCoroutine$1$1: loaded 2 times (x 92B)
Class org.jetbrains.kotlin.konan.target.KonanTarget$WATCHOS_ARM32                     : loaded 2 times (x 75B)
Class org.jetbrains.kotlin.gradle.targets.js.dsl.KotlinJsTargetDsl                    : loaded 2 times (x 67B)
Class org.jetbrains.kotlin.gradle.plugin.KotlinPluginLifecycleImplKt                  : loaded 2 times (x 68B)
Class org.jetbrains.kotlin.gradle.plugin.diagnostics.checkers.DeprecatedKotlinNativeTargetsChecker$runChecks$1: loaded 2 times (x 85B)
Class org.jetbrains.kotlin.gradle.plugin.KotlinPluginLifecycleImpl$WhenMappings       : loaded 2 times (x 68B)
Class org.jetbrains.kotlin.gradle.dsl.KotlinCommonCompilerToolOptionsHelper           : loaded 2 times (x 68B)
Class org.jetbrains.kotlin.gradle.plugin.KotlinTargetComponent                        : loaded 2 times (x 67B)
Class org.jetbrains.kotlin.gradle.plugin.KotlinGradlePluginExtensionPointInternal     : loaded 2 times (x 73B)
Class org.jetbrains.kotlin.statistics.metrics.StringOverridePolicy$OVERRIDE_VERSION_IF_NOT_SET: loaded 2 times (x 82B)
Class org.jetbrains.kotlin.gradle.plugin.statistics.KotlinBuildStatsBeanService$Companion$initStatsService$1: loaded 2 times (x 76B)
Class org.jetbrains.kotlin.gradle.plugin.VariantImplementationFactories$Companion$getProvider$1: loaded 2 times (x 72B)
Class org.jetbrains.kotlin.gradle.internal.properties.PropertiesBuildService$BooleanGradleProperty: loaded 2 times (x 73B)
Class org.jetbrains.kotlin.gradle.dsl.KotlinProjectExtension                          : loaded 2 times (x 119B)
Class [Lorg.objectweb.asm.Symbol;                                                     : loaded 2 times (x 66B)
Class org.objectweb.asm.ClassVisitor                                                  : loaded 2 times (x 85B)
Class com.google.common.collect.UnmodifiableListIterator                              : loaded 2 times (x 92B)
Class org.jetbrains.kotlin.gradle.plugin.KotlinPluginLifecycle$ProjectConfigurationResult$Failure: loaded 2 times (x 69B)
Class com.google.common.base.Platform$JdkPatternCompiler                              : loaded 2 times (x 72B)
Class org.jetbrains.kotlin.gradle.plugin.sources.DefaultKotlinSourceSet$MetadataDependencyTransformation: loaded 2 times (x 69B)
Class org.jetbrains.kotlin.gradle.tasks.DefaultKotlinJavaToolchain$Companion          : loaded 2 times (x 68B)
Class org.jetbrains.kotlin.gradle.tasks.DefaultKotlinJavaToolchain                    : loaded 2 times (x 74B)
Class org.jetbrains.kotlin.gradle.targets.native.toolchain.KotlinNativeBundleBuildService$Parameters: loaded 2 times (x 67B)
Class org.jetbrains.kotlin.gradle.targets.native.toolchain.KotlinNativeBundleBuildService: loaded 2 times (x 74B)
Class org.jetbrains.kotlin.gradle.plugin.KotlinGradleBuildServices                    : loaded 2 times (x 77B)
Class [Lorg.jetbrains.kotlin.statistics.ValueAnonymizer;                              : loaded 2 times (x 66B)
Class org.jetbrains.kotlin.gradle.internal.properties.PropertiesBuildService$MemoizedCallable$value$2: loaded 2 times (x 76B)
Class org.objectweb.asm.MethodTooLargeException                                       : loaded 2 times (x 80B)
Class [Lcom.google.common.cache.CacheBuilder$OneWeigher;                              : loaded 2 times (x 66B)
Class com.google.common.base.Suppliers                                                : loaded 2 times (x 68B)
Class org.gradle.internal.classloader.DefaultClassLoaderFactory                       : loaded 2 times (x 79B)
Class org.jetbrains.kotlin.compilerRunner.CompilerSystemPropertiesService$Parameters_Decorated: loaded 2 times (x 131B)
Class org.jetbrains.kotlin.gradle.plugin.KotlinTargetWithTests                        : loaded 2 times (x 67B)
Class org.jetbrains.kotlin.gradle.plugin.diagnostics.ToolingDiagnosticRenderingOptions: loaded 2 times (x 69B)
Class [Lorg.jetbrains.kotlin.gradle.dsl.KotlinVersion;                                : loaded 2 times (x 66B)
Class org.jetbrains.kotlin.gradle.plugin.diagnostics.checkers.JsEnvironmentChecker    : loaded 2 times (x 73B)
Class org.jetbrains.kotlin.gradle.targets.js.npm.NpmDependencyExtensionKt             : loaded 2 times (x 68B)
Class org.jetbrains.kotlin.gradle.plugin.diagnostics.UsesKotlinToolingDiagnosticsParameters: loaded 2 times (x 67B)
Class org.jetbrains.kotlin.gradle.report.BuildMetricsService                          : loaded 2 times (x 83B)
Class org.jetbrains.kotlin.statistics.metrics.NumberAnonymizationPolicy               : loaded 2 times (x 82B)
Class org.jetbrains.kotlin.statistics.metrics.StringAnonymizationPolicy               : loaded 2 times (x 75B)
Class org.gradle.internal.classloader.ClassLoaderVisitor                              : loaded 2 times (x 73B)
Class org.jetbrains.kotlin.gradle.plugin.mpp.compilationImpl.KotlinCompilationLanguageSettingsConfigurator: loaded 2 times (x 71B)
Class org.jetbrains.kotlin.gradle.plugin.KotlinPluginLifecycleKt$await$1              : loaded 2 times (x 85B)
Class [Lorg.jetbrains.kotlin.gradle.plugin.KotlinCompilation;                         : loaded 2 times (x 66B)
Class org.jetbrains.kotlin.gradle.plugin.mpp.KotlinTargetComponentWithPublication     : loaded 2 times (x 67B)
Class org.jetbrains.kotlin.gradle.plugin.mpp.compilationImpl.KotlinCreateNativeCompileTasksSideEffectKt: loaded 2 times (x 68B)
Class org.jetbrains.kotlin.gradle.plugin.KotlinProjectSetupActionKt                   : loaded 2 times (x 68B)
Class org.jetbrains.kotlin.gradle.dsl.KotlinTargetContainerWithJsPresetFunctions      : loaded 2 times (x 67B)
Class org.jetbrains.kotlin.gradle.report.ReportingSettings$Companion                  : loaded 2 times (x 68B)
Class org.jetbrains.kotlin.gradle.report.ConfigureReporingKt                          : loaded 2 times (x 68B)
Class org.jetbrains.kotlin.tooling.core.TypeUtils                                     : loaded 2 times (x 68B)
Class [Lcom.google.common.collect.ImmutableMapEntry;                                  : loaded 2 times (x 66B)
Class org.gradle.api.internal.classpath.EffectiveClassPath                            : loaded 2 times (x 87B)
Class org.jetbrains.kotlin.gradle.plugin.mpp.compilationImpl.DefaultKotlinCompilationConfigurationsContainer: loaded 2 times (x 81B)
Class com.google.common.collect.ImmutableRangeSet                                     : loaded 2 times (x 112B)
Class org.jetbrains.kotlin.konan.target.KonanTarget$ANDROID_ARM32                     : loaded 2 times (x 75B)
Class org.jetbrains.kotlin.gradle.tasks.TasksProviderKt                               : loaded 2 times (x 68B)
Class org.jetbrains.kotlin.gradle.plugin.diagnostics.ToolingDiagnostic                : loaded 2 times (x 69B)
Class org.jetbrains.kotlin.gradle.plugin.sources.DefaultKotlinSourceSetFactory        : loaded 2 times (x 77B)
Class com.google.common.collect.ListMultimap                                          : loaded 2 times (x 67B)
Class com.google.common.collect.ImmutableEnumMap                                      : loaded 2 times (x 123B)
Class org.jetbrains.kotlin.buildtools.api.jvm.ClassSnapshotGranularity                : loaded 2 times (x 76B)
Class org.jetbrains.kotlin.gradle.ExternalKotlinTargetApi                             : loaded 2 times (x 67B)
Class com.google.common.collect.Iterators$EmptyModifiableIterator                     : loaded 2 times (x 83B)
Class org.jetbrains.kotlin.gradle.plugin.diagnostics.checkers.AndroidPluginWithoutAndroidTargetChecker$runChecks$1: loaded 2 times (x 85B)
Class org.jetbrains.kotlin.gradle.plugin.diagnostics.checkers.AndroidSourceSetLayoutV1SourceSetsNotFoundChecker$runChecks$1: loaded 2 times (x 85B)
Class org.jetbrains.kotlin.gradle.plugin.diagnostics.KotlinGradleProjectCheckersRunnerKt$launchKotlinGradleProjectCheckers$1$1: loaded 2 times (x 92B)
Class org.jetbrains.kotlin.konan.target.KonanTarget                                   : loaded 2 times (x 75B)
Class org.jetbrains.kotlin.gradle.targets.CreateDefaultTestRunSideEffectKt            : loaded 2 times (x 68B)
Class org.jetbrains.kotlin.gradle.utils.ProviderApiUtilsKt$mapOrNull$1                : loaded 2 times (x 72B)
Class org.jetbrains.kotlin.gradle.targets.native.toolchain.KotlinNativeBundleBuildService$Companion$registerIfAbsent$1: loaded 2 times (x 72B)
Class org.jetbrains.kotlin.statistics.metrics.BooleanAnonymizationPolicy              : loaded 2 times (x 82B)
Class org.jetbrains.kotlin.statistics.metrics.BooleanOverridePolicy$OVERRIDE          : loaded 2 times (x 82B)
Class org.jetbrains.kotlin.gradle.plugin.PropertiesProvider$kotlinExperimentalTryNext$1: loaded 2 times (x 72B)
Class org.jetbrains.kotlin.gradle.plugin.VariantImplementationFactoriesConfigurator$Companion$getProvider$1: loaded 2 times (x 71B)
Class com.google.common.collect.Sets$1                                                : loaded 2 times (x 136B)
Class org.objectweb.asm.AnnotationVisitor                                             : loaded 2 times (x 75B)
Class org.gradle.api.internal.DefaultClassPathProvider                                : loaded 2 times (x 73B)
Class org.jetbrains.kotlin.gradle.tasks.configuration.KaptGenerateStubsConfig$Companion$wireJavaAndKotlinOutputs$1: loaded 2 times (x 76B)
Class org.jetbrains.kotlin.gradle.plugin.KotlinPluginLifecycleCoroutineContextElement : loaded 2 times (x 81B)
Class org.jetbrains.kotlin.gradle.dsl.PlatformSourceSetConventionsChecker             : loaded 2 times (x 71B)
Class org.jetbrains.kotlin.gradle.plugin.diagnostics.checkers.KotlinSourceSetTreeDependsOnMismatchChecker: loaded 2 times (x 71B)
Class org.jetbrains.kotlin.gradle.targets.CreateDefaultCompilationsSideEffectKt       : loaded 2 times (x 68B)
Class org.jetbrains.kotlin.gradle.plugin.mpp.SyncLanguageSettingsWithKotlinExtensionSetupActionKt: loaded 2 times (x 68B)
Class org.jetbrains.kotlin.statistics.metrics.NumericalMetrics                        : loaded 2 times (x 77B)
Class org.jetbrains.kotlin.gradle.plugin.VariantImplementationFactories$Companion$getProvider$2$1: loaded 2 times (x 76B)
Class com.google.common.collect.Sets$2                                                : loaded 2 times (x 136B)
Class [Lorg.gradle.api.internal.ClassPathProvider;                                    : loaded 2 times (x 66B)
Class org.gradle.api.internal.ClassPathProvider                                       : loaded 2 times (x 67B)
Class org.jetbrains.kotlin.konan.target.HostManager$targetValues$2                    : loaded 2 times (x 75B)
Class org.jetbrains.kotlin.gradle.plugin.diagnostics.checkers.UnusedSourceSetsChecker$runChecks$1: loaded 2 times (x 85B)
Class [Lorg.jetbrains.kotlin.konan.target.Family;                                     : loaded 2 times (x 66B)
Class org.jetbrains.kotlin.gradle.targets.js.npm.PeerNpmDependencyExtension           : loaded 2 times (x 67B)
Class org.jetbrains.kotlin.gradle.dsl.AndroidMainSourceSetConventionsChecker          : loaded 2 times (x 71B)
Class org.jetbrains.kotlin.gradle.plugin.diagnostics.checkers.WasmJsEnvironmentChecker$1: loaded 2 times (x 75B)
Class org.jetbrains.kotlin.gradle.targets.js.npm.NpmDependencyExtensionKt$AddNpmDependencyExtensionProjectSetupAction$1: loaded 2 times (x 71B)
Class org.jetbrains.kotlin.build.report.metrics.GradleBuildPerformanceMetric          : loaded 2 times (x 94B)
Class org.jetbrains.kotlin.gradle.internal.properties.PropertiesBuildService$NullableBooleanGradleProperty: loaded 2 times (x 73B)
Class [Lorg.objectweb.asm.AnnotationVisitor;                                          : loaded 2 times (x 66B)
Class com.google.common.collect.Sets$3                                                : loaded 2 times (x 136B)
Class com.google.common.cache.LocalCache$LocalLoadingCache                            : loaded 2 times (x 131B)
Class org.gradle.internal.service.UnknownServiceException                             : loaded 2 times (x 80B)
Class org.jetbrains.kotlin.gradle.plugin.diagnostics.checkers.ComposePluginSuggestApplyChecker$runChecks$1: loaded 2 times (x 85B)
Class org.jetbrains.kotlin.konan.target.KonanTarget$TVOS_ARM64                        : loaded 2 times (x 75B)
Class org.jetbrains.kotlin.gradle.targets.js.npm.DefaultPeerNpmDependencyExtension    : loaded 2 times (x 138B)
Class org.jetbrains.kotlin.gradle.plugin.KotlinPluginLifecycleKt                      : loaded 2 times (x 68B)
Class org.jetbrains.kotlin.gradle.plugin.diagnostics.checkers.WasmJsEnvironmentChecker$2: loaded 2 times (x 75B)
Class org.jetbrains.kotlin.gradle.plugin.mpp.AbstractKotlinTarget                     : loaded 2 times (x 147B)
Class org.jetbrains.kotlin.gradle.internal.properties.NativePropertiesLoader$kotlinNativeVersion$1: loaded 2 times (x 72B)
Class org.jetbrains.kotlin.gradle.plugin.VariantImplementationFactoriesConfigurator$Inject: loaded 2 times (x 93B)
Class org.jetbrains.kotlin.gradle.dsl.KotlinSingleTargetExtension                     : loaded 2 times (x 121B)
Class com.google.common.collect.Sets$4                                                : loaded 2 times (x 136B)
Class org.objectweb.asm.ModuleVisitor                                                 : loaded 2 times (x 78B)
Class com.google.common.cache.LocalCache$Strength$1                                   : loaded 2 times (x 78B)
Class org.jetbrains.kotlin.gradle.plugin.mpp.compilationImpl.KotlinCompilationTaskNamesContainer: loaded 2 times (x 69B)
Class org.jetbrains.kotlin.gradle.plugin.mpp.compilationImpl.factory.KotlinCompilationImplFactory$KotlinCompilerOptionsFactory: loaded 2 times (x 67B)
Class org.jetbrains.kotlin.gradle.internal.properties.PropertiesBuildServiceKt$propertyWithDeprecatedName$1: loaded 2 times (x 72B)
Class org.jetbrains.kotlin.gradle.targets.js.npm.NpmDependencyExtension               : loaded 2 times (x 67B)
Class org.jetbrains.kotlin.gradle.plugin.LanguageSettingsBuilder                      : loaded 2 times (x 67B)
Class org.jetbrains.kotlin.gradle.plugin.diagnostics.checkers.WasmWasiEnvironmentChecker: loaded 2 times (x 73B)
Class org.jetbrains.kotlin.gradle.plugin.diagnostics.checkers.WasmJsEnvironmentChecker$3: loaded 2 times (x 75B)
Class org.jetbrains.kotlin.gradle.targets.ConfigureBuildSideEffectKt                  : loaded 2 times (x 68B)
Class org.jetbrains.kotlin.gradle.plugin.BuildEventsListenerRegistryHolder$Companion  : loaded 2 times (x 68B)
Class [Lorg.jetbrains.kotlin.statistics.metrics.StringMetrics;                        : loaded 2 times (x 66B)
Class org.jetbrains.kotlin.gradle.internal.properties.PropertiesBuildService$Inject   : loaded 2 times (x 93B)
Class com.google.common.util.concurrent.SettableFuture                                : loaded 2 times (x 111B)
Class com.google.common.cache.LocalCache$Strength$2                                   : loaded 2 times (x 78B)
Class org.jetbrains.kotlin.gradle.plugin.KotlinPluginLifecycle$ProjectConfigurationResult$Success: loaded 2 times (x 68B)
Class org.jetbrains.kotlin.gradle.internal.StdlibDependencyManagementKt$configureStdlibVersionAlignment$1: loaded 2 times (x 72B)
Class org.jetbrains.kotlin.gradle.plugin.diagnostics.checkers.OverriddenKotlinNativeHomeChecker$allKonanMainSubdirectoriesExist$1$1: loaded 2 times (x 72B)
Class org.jetbrains.kotlin.gradle.dsl.PlatformSourceSetConventionsChecker$CheckedPlatformInfo: loaded 2 times (x 69B)
Class org.jetbrains.kotlin.gradle.plugin.diagnostics.checkers.WasmJsEnvironmentChecker$4: loaded 2 times (x 75B)
Class org.jetbrains.kotlin.gradle.plugin.mpp.KotlinUsages$KotlinCinteropDisambiguation: loaded 2 times (x 73B)
Class org.jetbrains.kotlin.gradle.plugin.KotlinPluginInMultipleProjectsHolder         : loaded 2 times (x 69B)
Class org.jetbrains.kotlin.gradle.report.BuildReportType$Companion                    : loaded 2 times (x 68B)
Class com.google.common.cache.LocalCache$Strength$3                                   : loaded 2 times (x 78B)
Class com.google.common.collect.MapDifference                                         : loaded 2 times (x 67B)
Class org.jetbrains.kotlin.gradle.plugin.sources.FragmentConsistencyChecks$optInAnnotationsCheck$1: loaded 2 times (x 76B)
Class org.jetbrains.kotlin.gradle.plugin.mpp.AbstractKotlinCompilationToRunnableFiles : loaded 2 times (x 193B)
Class org.jetbrains.kotlin.gradle.artifacts.KotlinMetadataArtifactKt$KotlinMetadataArtifact$1: loaded 2 times (x 71B)
Class org.jetbrains.kotlin.gradle.plugin.mpp.KotlinUsages$KotlinMetadataCompatibility : loaded 2 times (x 73B)
Class [Lorg.jetbrains.kotlin.gradle.dsl.JvmTarget;                                    : loaded 2 times (x 66B)
Class org.jetbrains.kotlin.gradle.utils.ConfigurationsKt$maybeCreateResolvable$1      : loaded 2 times (x 75B)
Class org.jetbrains.kotlin.gradle.plugin.StatisticsBuildFlowManager$Companion         : loaded 2 times (x 68B)
Class org.jetbrains.kotlin.statistics.metrics.StringMetrics$Companion                 : loaded 2 times (x 68B)
Class org.jetbrains.kotlin.gradle.internal.properties.PropertiesBuildService$property$1$1: loaded 2 times (x 72B)
Class org.jetbrains.kotlin.tooling.core.Extras$Type                                   : loaded 2 times (x 69B)
Class org.objectweb.asm.FieldWriter                                                   : loaded 2 times (x 75B)
Class com.google.common.cache.CacheBuilder$NullListener                               : loaded 2 times (x 79B)
Class org.gradle.internal.classpath.TransformedClassPath                              : loaded 2 times (x 93B)
Class org.gradle.internal.classloader.InstrumentingClassLoader                        : loaded 2 times (x 67B)
Class com.google.common.collect.ImmutableRangeSet$AsSet                               : loaded 2 times (x 297B)
Class org.jetbrains.kotlin.gradle.plugin.sources.FragmentConsistencyChecks$optInAnnotationsCheck$2: loaded 2 times (x 75B)
Class org.jetbrains.kotlin.gradle.targets.NativeForwardImplementationToApiElementsSideEffectKt$special$$inlined$KotlinTargetSideEffect$1: loaded 2 times (x 71B)
Class org.jetbrains.kotlin.gradle.plugin.BuildFinishedListenerService$Companion       : loaded 2 times (x 68B)
Class org.jetbrains.kotlin.gradle.plugin.BuildFinishedListenerService                 : loaded 2 times (x 77B)
Class com.google.common.cache.CacheLoader$FunctionToCacheLoader                       : loaded 2 times (x 72B)
Class com.google.common.collect.Iterators$ArrayItr                                    : loaded 2 times (x 94B)
Class com.google.common.collect.ImmutableCollection$Builder                           : loaded 2 times (x 73B)
Class org.jetbrains.kotlin.gradle.tasks.configuration.TaskConfigAction                : loaded 2 times (x 69B)
Class org.jetbrains.kotlin.gradle.plugin.diagnostics.checkers.OverriddenKotlinNativeHomeChecker$allKonanMainSubdirectoriesExist$1: loaded 2 times (x 72B)
Class org.jetbrains.kotlin.gradle.plugin.AbstractKotlinPlugin$Companion               : loaded 2 times (x 68B)
Class org.jetbrains.kotlin.gradle.plugin.KotlinSourceSetTree                          : loaded 2 times (x 69B)
Class org.jetbrains.kotlin.gradle.plugin.KotlinPluginLifecycle$Stage                  : loaded 2 times (x 76B)
Class org.jetbrains.kotlin.gradle.plugin.mpp.compilationImpl.KotlinCreateResourcesTaskSideEffectKt$KotlinCreateResourcesTaskSideEffect$1: loaded 2 times (x 71B)
Class org.jetbrains.kotlin.gradle.plugin.sources.KotlinSourceSetFactory               : loaded 2 times (x 77B)
Class org.jetbrains.kotlin.gradle.targets.native.toolchain.KotlinNativeBundleBuildService$Parameters_Decorated: loaded 2 times (x 140B)
Class org.jetbrains.kotlin.gradle.internal.ClassLoadersCachingBuildService$Companion  : loaded 2 times (x 68B)
Class com.google.common.base.Joiner                                                   : loaded 2 times (x 76B)
Class com.google.common.base.MoreObjects                                              : loaded 2 times (x 68B)
Class org.jetbrains.kotlin.gradle.utils.ProviderApiUtilsKt$mapOrNull$1$1              : loaded 2 times (x 72B)
Class org.jetbrains.kotlin.gradle.plugin.hierarchy.KotlinSourceSetTreeClassifier$Default: loaded 2 times (x 68B)
Class org.jetbrains.kotlin.gradle.plugin.mpp.InternalKotlinCompilationKt              : loaded 2 times (x 68B)
Class org.jetbrains.kotlin.gradle.tasks.configuration.AbstractKotlinCompileConfig     : loaded 2 times (x 69B)
Class org.jetbrains.kotlin.gradle.plugin.mpp.compilationImpl.KotlinCompilationImpl$attributes$2: loaded 2 times (x 76B)
Class org.jetbrains.kotlin.gradle.plugin.diagnostics.checkers.OverriddenKotlinNativeHomeChecker$StdlibExistenceCheckerValueSource: loaded 2 times (x 75B)
Class org.jetbrains.kotlin.build.report.metrics.GradleBuildTime                       : loaded 2 times (x 85B)
Class org.jetbrains.kotlin.gradle.utils.IsolatedKotlinClasspathClassCastException     : loaded 2 times (x 79B)
Class com.google.common.collect.Platform                                              : loaded 2 times (x 68B)
Class [Lorg.objectweb.asm.Type;                                                       : loaded 2 times (x 66B)
Class com.google.common.collect.UnmodifiableIterator                                  : loaded 2 times (x 77B)
Class org.gradle.internal.service.ServiceLocator                                      : loaded 2 times (x 67B)
Class org.jetbrains.kotlin.gradle.plugin.hierarchy.KotlinSourceSetTreeClassifierKt$classify$1: loaded 2 times (x 85B)
Class [Lorg.jetbrains.kotlin.konan.target.KonanTarget;                                : loaded 2 times (x 66B)
Class org.jetbrains.kotlin.gradle.plugin.diagnostics.checkers.WasmSourceSetsNotFoundChecker: loaded 2 times (x 71B)
Class org.jetbrains.kotlin.gradle.plugin.diagnostics.checkers.AndroidSourceSetLayoutV1SourceSetsNotFoundChecker$androidSourceSetRegex$2: loaded 2 times (x 75B)
Class org.jetbrains.kotlin.gradle.plugin.statistics.KotlinBuildStatsLoggerService$Companion: loaded 2 times (x 68B)
Class com.google.common.base.Ascii                                                    : loaded 2 times (x 68B)
Class com.google.common.collect.SingletonImmutableBiMap                               : loaded 2 times (x 140B)
Class com.google.common.cache.LocalCache$1                                            : loaded 2 times (x 86B)
Class com.google.common.collect.Iterators$SingletonIterator                           : loaded 2 times (x 78B)
Class com.google.common.collect.AbstractMapEntry                                      : loaded 2 times (x 78B)
Class org.jetbrains.kotlin.gradle.plugin.KotlinCompilationWithResources               : loaded 2 times (x 67B)
Class com.google.common.collect.Sets$ImprovedAbstractSet                              : loaded 2 times (x 132B)
Class com.google.common.collect.ImmutableList$Builder                                 : loaded 2 times (x 74B)
Class org.jetbrains.kotlin.gradle.plugin.KotlinTargetPreset                           : loaded 2 times (x 67B)
Class org.jetbrains.kotlin.gradle.plugin.diagnostics.checkers.KotlinTargetAlreadyDeclaredChecker: loaded 2 times (x 71B)
Class org.jetbrains.kotlin.gradle.plugin.mpp.compilationImpl.KotlinCompilationProcessorSideEffectKt: loaded 2 times (x 68B)
Class org.jetbrains.kotlin.gradle.utils.FileUtilsKt$localProperties$1                 : loaded 2 times (x 72B)
Class org.jetbrains.kotlin.gradle.dsl.HasConfigurableKotlinCompilerOptions            : loaded 2 times (x 67B)
Class com.google.common.collect.AbstractMultimap                                      : loaded 2 times (x 120B)
Class com.google.common.cache.LocalCache$2                                            : loaded 2 times (x 139B)
Class org.jetbrains.kotlin.gradle.plugin.statistics.KotlinProjectConfigurationMetrics : loaded 2 times (x 68B)
Class org.jetbrains.kotlin.gradle.plugin.KotlinCompilationInfo$TCS                    : loaded 2 times (x 86B)
Class com.google.common.collect.ImmutableRangeSet$1                                   : loaded 2 times (x 207B)
Class org.jetbrains.kotlin.gradle.plugin.mpp.HasBinaries                              : loaded 2 times (x 67B)
Class org.jetbrains.kotlin.gradle.dsl.KotlinCommonOptions                             : loaded 2 times (x 67B)
Class org.jetbrains.kotlin.gradle.plugin.mpp.compilationImpl.KotlinCreateSourcesJarTaskSideEffectKt: loaded 2 times (x 68B)
Class org.jetbrains.kotlin.gradle.dsl.KotlinJvmProjectExtension                       : loaded 2 times (x 144B)
Class org.jetbrains.kotlin.gradle.plugin.KotlinGradlePluginExtensionPointInternalKt   : loaded 2 times (x 68B)
Class org.jetbrains.kotlin.gradle.targets.native.toolchain.UsesKotlinNativeBundleBuildService: loaded 2 times (x 67B)
Class org.jetbrains.kotlin.gradle.plugin.KotlinCompilerArgumentsProducer              : loaded 2 times (x 67B)
Class org.jetbrains.kotlin.build.report.metrics.ValueType                             : loaded 2 times (x 76B)
Class com.google.common.collect.RegularImmutableAsList                                : loaded 2 times (x 214B)
Class org.jetbrains.kotlin.gradle.tasks.configuration.BaseKotlinCompileConfig$1$classpathConfiguration$1: loaded 2 times (x 72B)
Class com.google.common.collect.Range                                                 : loaded 2 times (x 84B)
Class org.jetbrains.kotlin.gradle.targets.js.npm.NpmDependencyExtensionDelegate       : loaded 2 times (x 164B)
Class org.jetbrains.kotlin.gradle.plugin.sources.FragmentConsistencyChecker           : loaded 2 times (x 69B)
Class org.jetbrains.kotlin.gradle.dsl.DefaultToolchainSupport_Decorated               : loaded 2 times (x 121B)
Class org.jetbrains.kotlin.gradle.internal.properties.NativePropertiesLoader$jvmArgs$1: loaded 2 times (x 72B)
Class org.jetbrains.kotlin.gradle.report.BuildMetricsService$Companion                : loaded 2 times (x 68B)
Class org.jetbrains.kotlin.gradle.tasks.KotlinCompileTool                             : loaded 2 times (x 67B)
Class org.jetbrains.kotlin.gradle.plugin.VariantImplementationFactories$Parameters_Decorated: loaded 2 times (x 131B)
Class org.jetbrains.kotlin.gradle.plugin.PropertiesProvider$PropertyNames             : loaded 2 times (x 68B)
Class org.jetbrains.kotlin.gradle.utils.SingleAction$PerformedActions                 : loaded 2 times (x 69B)
Class org.jetbrains.kotlin.gradle.utils.GradleUtilsKt                                 : loaded 2 times (x 68B)
Class org.jetbrains.kotlin.gradle.plugin.HasProject                                   : loaded 2 times (x 67B)
Class com.google.common.util.concurrent.AbstractFuture$Trusted                        : loaded 2 times (x 67B)
Class com.google.common.collect.Iterators                                             : loaded 2 times (x 68B)
Class org.jetbrains.kotlin.gradle.tasks.configuration.BaseKotlinCompileConfig         : loaded 2 times (x 69B)
Class org.jetbrains.kotlin.gradle.plugin.mpp.compilationImpl.factory.KotlinCompilationImplFactory$KotlinCompilationTaskNamesContainerFactory: loaded 2 times (x 67B)
Class org.jetbrains.kotlin.gradle.internal.KotlinDependenciesManagementKt$CustomizeKotlinDependenciesSetupAction$1$coreLibrariesVersion$1: loaded 2 times (x 76B)
Class org.jetbrains.kotlin.gradle.plugin.diagnostics.checkers.CInteropInputChecker$runChecks$1: loaded 2 times (x 85B)
Class org.jetbrains.kotlin.gradle.ExperimentalKotlinGradlePluginApi                   : loaded 2 times (x 67B)
Class org.jetbrains.kotlin.gradle.internal.properties.NativePropertiesLoader          : loaded 2 times (x 82B)
Class [Lorg.jetbrains.kotlin.build.report.metrics.BuildTime;                          : loaded 2 times (x 66B)
Class org.jetbrains.kotlin.statistics.metrics.NumberAnonymizationPolicy$SAFE          : loaded 2 times (x 82B)
Class org.jetbrains.kotlin.gradle.plugin.statistics.BuildFusService                   : loaded 2 times (x 81B)
Class com.google.common.collect.Lists$StringAsImmutableList                           : loaded 2 times (x 204B)
Class com.google.common.util.concurrent.UncheckedExecutionException                   : loaded 2 times (x 79B)
Class org.jetbrains.kotlin.gradle.plugin.diagnostics.checkers.CInteropInputChecker$runChecks$2: loaded 2 times (x 72B)
Class org.jetbrains.kotlin.gradle.tasks.configuration.KaptGenerateStubsConfig$Companion: loaded 2 times (x 68B)
Class org.jetbrains.kotlin.gradle.internal.KotlinTestDependencyManagementKt$maybeAddTestDependencyCapability$1: loaded 2 times (x 72B)
Class org.jetbrains.kotlin.gradle.plugin.diagnostics.CheckKotlinGradlePluginConfigurationErrorsKt: loaded 2 times (x 68B)
Class org.jetbrains.kotlin.gradle.targets.js.npm.NpmDependencyExtensionKt$AddNpmDependencyExtensionProjectSetupAction$1$WhenMappings: loaded 2 times (x 68B)
Class org.jetbrains.kotlin.gradle.plugin.mpp.KotlinJvmAndroidCompilation              : loaded 2 times (x 195B)
Class org.jetbrains.kotlin.gradle.targets.CreateDefaultCompilationsSideEffectKt$CreateDefaultCompilationsSideEffect$1: loaded 2 times (x 71B)
Class org.jetbrains.kotlin.gradle.targets.native.internal.AddKotlinPlatformIntegersSupportLibraryKt$AddKotlinPlatformIntegersSupportLibrary$1: loaded 2 times (x 92B)
Class org.jetbrains.kotlin.gradle.plugin.mpp.ApplyUserDefinedAttributesKt             : loaded 2 times (x 68B)
Class org.jetbrains.kotlin.gradle.utils.FutureImpl                                    : loaded 2 times (x 77B)
Class org.jetbrains.kotlin.gradle.internal.properties.NativePropertiesLoader$isToolchainEnabled$1: loaded 2 times (x 72B)
Class [Lorg.jetbrains.kotlin.statistics.metrics.NumericalMetrics;                     : loaded 2 times (x 66B)
Class org.gradle.internal.InternalTransformer                                         : loaded 2 times (x 67B)
Class org.jetbrains.kotlin.gradle.tasks.CompileUsingKotlinDaemonWithNormalization     : loaded 2 times (x 67B)
Class org.jetbrains.kotlin.gradle.plugin.mpp.compilationImpl.factory.KotlinCompilationImplFactory$PostConfigure$Companion: loaded 2 times (x 68B)
Class com.google.common.collect.AbstractMapBasedMultimap$KeySet$1                     : loaded 2 times (x 79B)
Class org.jetbrains.kotlin.gradle.internal.KotlinDomApiDependencyManagementKt$configureKotlinDomApiDefaultDependency$1: loaded 2 times (x 76B)
Class org.jetbrains.kotlin.gradle.targets.js.npm.DefaultDevNpmDependencyExtension     : loaded 2 times (x 142B)
Class [Lorg.jetbrains.kotlin.gradle.plugin.HasKotlinDependencies;                     : loaded 2 times (x 66B)
Class org.jetbrains.kotlin.gradle.tasks.DefaultKotlinJavaToolchain$Companion$wireJvmTargetToToolchain$1: loaded 2 times (x 72B)
Class org.jetbrains.kotlin.gradle.plugin.diagnostics.checkers.JsLikeEnvironmentChecker: loaded 2 times (x 73B)
Class org.jetbrains.kotlin.gradle.plugin.KotlinPlatformType                           : loaded 2 times (x 79B)
Class org.jetbrains.kotlin.gradle.plugin.KotlinGradleBuildServices$Companion          : loaded 2 times (x 68B)
Class org.jetbrains.kotlin.gradle.internal.properties.PropertiesBuildServiceKt        : loaded 2 times (x 68B)
Class org.objectweb.asm.ClassWriter                                                   : loaded 2 times (x 103B)
Class com.google.common.cache.CacheLoader$UnsupportedLoadingOperationException        : loaded 2 times (x 79B)
Class com.google.common.base.CharMatcher$And                                          : loaded 2 times (x 109B)
Class org.gradle.internal.classloader.ClasspathUtil$1                                 : loaded 2 times (x 73B)
Class com.google.common.collect.AbstractMapBasedMultimap$Itr                          : loaded 2 times (x 80B)
Class org.jetbrains.kotlin.gradle.plugin.diagnostics.ToolingDiagnosticRenderingOptions$Companion: loaded 2 times (x 68B)
Class org.jetbrains.kotlin.gradle.dsl.KotlinJvmCompilerOptionsHelper                  : loaded 2 times (x 68B)
Class org.jetbrains.kotlin.gradle.tasks.DefaultKotlinJavaToolchain$Companion$wireJvmTargetToToolchain$2: loaded 2 times (x 72B)
Class org.jetbrains.kotlin.gradle.plugin.ProjectLocalConfigurations$ProjectLocalDisambiguation: loaded 2 times (x 73B)
Class org.jetbrains.kotlin.gradle.plugin.mpp.apple.swiftexport.internal.SwiftExportInitKt: loaded 2 times (x 68B)
Class org.jetbrains.kotlin.gradle.internal.properties.PropertiesBuildService$NullableStringGradleProperty: loaded 2 times (x 73B)
Class org.jetbrains.kotlin.gradle.plugin.KotlinGradleBuildServices$detectKotlinPluginLoadedInMultipleProjects$onRegister$1$1: loaded 2 times (x 72B)
Class org.jetbrains.kotlin.gradle.plugin.internal.ConfigurationCacheStartParameterAccessor$Factory: loaded 2 times (x 67B)
Class org.objectweb.asm.FieldVisitor                                                  : loaded 2 times (x 74B)
Class com.google.common.collect.IndexedImmutableSet                                   : loaded 2 times (x 149B)
Class com.google.common.collect.ImmutableMap$1                                        : loaded 2 times (x 78B)
Class com.google.common.collect.BiMap                                                 : loaded 2 times (x 67B)
Class org.gradle.api.internal.classpath.DefaultModuleRegistry$DefaultModule           : loaded 2 times (x 83B)
Class org.jetbrains.kotlin.gradle.plugin.mpp.compilationImpl.KotlinCompilationSourceSetInclusion$DefaultAddSourcesToCompileTask$addSources$1: loaded 2 times (x 76B)
Class org.jetbrains.kotlin.gradle.plugin.diagnostics.checkers.WasmSourceSetsNotFoundChecker$wasmSourceSetRegex$2: loaded 2 times (x 75B)
Class org.jetbrains.kotlin.gradle.plugin.mpp.compilationImpl.KotlinCompilationSideEffect: loaded 2 times (x 67B)
Class org.jetbrains.kotlin.gradle.plugin.KotlinGradlePluginExtensionPoint             : loaded 2 times (x 67B)
Class org.jetbrains.kotlin.tooling.core.ExtrasUtilsKt                                 : loaded 2 times (x 68B)
Class org.jetbrains.kotlin.buildtools.api.ExperimentalBuildToolsApi                   : loaded 2 times (x 67B)
Class org.jetbrains.kotlin.gradle.utils.ResourceUtilsKt                               : loaded 2 times (x 68B)
Class org.jetbrains.kotlin.gradle.plugin.KotlinPluginWrapperKt$kotlinPluginVersionFromResources$1: loaded 2 times (x 75B)
Class com.google.common.primitives.Ints                                               : loaded 2 times (x 68B)
Class com.google.common.collect.AbstractIterator                                      : loaded 2 times (x 79B)
Class build_2qdy319kyed0exnwrp05shh4e                                                 : loaded 2 times (x 178B)
Class org.jetbrains.kotlin.gradle.tasks.configuration.KaptGenerateStubsConfig$Companion$configureLibraries$1: loaded 2 times (x 76B)
Class org.jetbrains.kotlin.gradle.plugin.mpp.compilationImpl.KotlinCompilationSourceSetInclusion$DefaultAddSourcesToCompileTask$addSources$2: loaded 2 times (x 76B)
Class org.jetbrains.kotlin.gradle.tasks.AbstractKotlinCompile                         : loaded 2 times (x 456B)
Class org.jetbrains.kotlin.gradle.plugin.KotlinCompilationOutput                      : loaded 2 times (x 67B)
Class org.jetbrains.kotlin.gradle.plugin.diagnostics.CheckKotlinGradlePluginConfigurationErrorsKt$addDependsOnFromTasksThatShouldFailWhenErrorsReported$1: loaded 2 times (x 72B)
Class org.jetbrains.kotlin.konan.target.KonanTarget$TVOS_X64                          : loaded 2 times (x 75B)
Class org.jetbrains.kotlin.gradle.plugin.diagnostics.KotlinToolingDiagnosticsSetupActionKt: loaded 2 times (x 68B)
Class org.jetbrains.kotlin.gradle.plugin.KotlinGradleBuildServices$Parameters$Inject  : loaded 2 times (x 103B)
Class org.jetbrains.kotlin.gradle.plugin.KotlinPluginWrapperKt$kotlinPluginVersionFromResources$1$1: loaded 2 times (x 68B)
Class com.google.common.collect.ObjectArrays                                          : loaded 2 times (x 68B)
Class com.google.common.collect.Multiset                                              : loaded 2 times (x 67B)
Class com.google.common.collect.ArrayListMultimapGwtSerializationDependencies         : loaded 2 times (x 169B)
Class com.google.common.collect.AbstractIndexedListIterator                           : loaded 2 times (x 93B)
Class com.google.common.math.MathPreconditions                                        : loaded 2 times (x 68B)
Class org.jetbrains.kotlin.tooling.core.Extras$Entry                                  : loaded 2 times (x 69B)
Class org.jetbrains.kotlin.gradle.plugin.sources.InternalKotlinSourceSetKt            : loaded 2 times (x 68B)
Class org.jetbrains.kotlin.gradle.internal.Kapt3GradleSubplugin$Kapt3SubpluginContext : loaded 2 times (x 69B)
Class org.jetbrains.kotlin.gradle.artifacts.KotlinTargetArtifact                      : loaded 2 times (x 67B)
Class org.jetbrains.kotlin.gradle.dsl.KotlinJvmCompilerOptionsDefault_Decorated       : loaded 2 times (x 168B)
Class org.jetbrains.kotlin.gradle.plugin.HasKotlinDependencies                        : loaded 2 times (x 67B)
Class org.jetbrains.kotlin.gradle.targets.native.toolchain.KotlinNativeBundleBuildService$Companion: loaded 2 times (x 68B)
Class org.jetbrains.kotlin.gradle.plugin.BuildEventsListenerRegistryHolder_Decorated  : loaded 2 times (x 116B)
Class org.jetbrains.kotlin.gradle.plugin.statistics.MetricContainer                   : loaded 2 times (x 69B)
Class org.jetbrains.kotlin.gradle.plugin.statistics.old.Pre232IdeaKotlinBuildStatsMXBean: loaded 2 times (x 67B)
Class org.jetbrains.kotlin.gradle.plugin.statistics.KotlinBuildStatsServicesRegistry  : loaded 2 times (x 75B)
Class org.jetbrains.kotlin.gradle.plugin.VariantImplementationFactoriesConfigurator   : loaded 2 times (x 73B)
Class com.google.common.collect.ImmutableMapEntrySet                                  : loaded 2 times (x 149B)
Class org.gradle.api.internal.classpath.Module                                        : loaded 2 times (x 67B)
Class org.jetbrains.kotlin.gradle.internal.transforms.BuildToolsApiClasspathEntrySnapshotTransform$Parameters_Decorated: loaded 2 times (x 154B)
Class org.jetbrains.kotlin.gradle.plugin.mpp.compilationImpl.KotlinCompilationSourceSetInclusion$Companion$includedSourceSets$2: loaded 2 times (x 75B)
Class org.jetbrains.kotlin.gradle.plugin.diagnostics.KotlinToolingDiagnosticsSetupActionKt$KotlinToolingDiagnosticsSetupAction$1$1: loaded 2 times (x 72B)
Class org.jetbrains.kotlin.gradle.targets.js.npm.NpmDirectoryDependencyWithExternalsExtension: loaded 2 times (x 67B)
Class org.jetbrains.kotlin.gradle.plugin.KotlinProjectSetupAction                     : loaded 2 times (x 67B)
Class org.jetbrains.kotlin.gradle.plugin.KotlinGradleFinishBuildHandler$Companion     : loaded 2 times (x 68B)
Class com.google.common.cache.Weigher                                                 : loaded 2 times (x 67B)
Class org.gradle.api.internal.classpath.UnknownModuleException                        : loaded 2 times (x 79B)
Class org.jetbrains.kotlin.gradle.plugin.KotlinPluginLifecycleImpl$executeCurrentStageAndScheduleNext$3: loaded 2 times (x 72B)
Class org.jetbrains.kotlin.gradle.plugin.mpp.compilationImpl.KotlinCompilationRegisterInSourceSetsConfigurator$configure$1: loaded 2 times (x 76B)
Class org.jetbrains.kotlin.gradle.plugin.diagnostics.KotlinToolingDiagnosticsSetupActionKt$KotlinToolingDiagnosticsSetupAction$1$2: loaded 2 times (x 92B)
Class org.jetbrains.kotlin.gradle.targets.js.npm.NpmDependencyWithExternalsExtension  : loaded 2 times (x 67B)
Class org.jetbrains.kotlin.gradle.plugin.mpp.KotlinUsageContext                       : loaded 2 times (x 67B)
Class org.jetbrains.kotlin.gradle.plugin.KotlinTargetsContainer                       : loaded 2 times (x 67B)
Class org.jetbrains.kotlin.compilerRunner.GradleCliCommonizerKt                       : loaded 2 times (x 68B)
Class org.jetbrains.kotlin.gradle.utils.ConfigurationsKt                              : loaded 2 times (x 68B)
Class org.jetbrains.kotlin.gradle.plugin.StatisticsBuildFlowManager                   : loaded 2 times (x 69B)
Class org.jetbrains.kotlin.gradle.plugin.statistics.BuildFusService$Parameters        : loaded 2 times (x 67B)
Class org.jetbrains.kotlin.gradle.plugin.PluginWrappersKt                             : loaded 2 times (x 68B)
Class com.google.common.base.Stopwatch                                                : loaded 2 times (x 69B)
Class com.google.common.cache.LocalCache$Strength                                     : loaded 2 times (x 78B)
Class com.google.common.cache.Cache                                                   : loaded 2 times (x 67B)
Class org.jetbrains.kotlin.gradle.plugin.mpp.InternalKotlinTargetKt                   : loaded 2 times (x 68B)
Class org.jetbrains.kotlin.gradle.plugin.diagnostics.KotlinToolingDiagnosticsSetupActionKt$KotlinToolingDiagnosticsSetupAction$1$3: loaded 2 times (x 72B)
Class org.jetbrains.kotlin.gradle.targets.js.dsl.KotlinTargetWithNodeJsDsl            : loaded 2 times (x 67B)
Class org.jetbrains.kotlin.gradle.plugin.sources.DefaultKotlinSourceSetKt$defaultSourceSetLanguageSettingsChecker$1: loaded 2 times (x 75B)
Class org.jetbrains.kotlin.gradle.plugin.sources.InternalKotlinSourceSet              : loaded 2 times (x 67B)
Class org.jetbrains.kotlin.gradle.plugin.KotlinJvmPlugin                              : loaded 2 times (x 76B)
Class org.jetbrains.kotlin.gradle.plugin.mpp.SyncLanguageSettingsWithKotlinExtensionSetupActionKt$SyncLanguageSettingsWithKotlinExtensionSetupAction$1: loaded 2 times (x 92B)
Class org.jetbrains.kotlin.gradle.dsl.KotlinGradlePluginPublicDsl                     : loaded 2 times (x 67B)
Class org.jetbrains.kotlin.gradle.internal.properties.NativeProperties                : loaded 2 times (x 67B)
Class org.jetbrains.kotlin.statistics.BuildSessionLogger                              : loaded 2 times (x 74B)
Class org.jetbrains.kotlin.gradle.plugin.internal.ConfigurationCacheStartParameterAccessor: loaded 2 times (x 67B)
Class com.google.common.util.concurrent.AbstractFuture$Cancellation                   : loaded 2 times (x 69B)
Class com.google.common.collect.ImmutableMap$Builder                                  : loaded 2 times (x 79B)
Class [Lorg.jetbrains.kotlin.gradle.plugin.statistics.plugins.ObservablePlugins;      : loaded 2 times (x 66B)
Class org.jetbrains.kotlin.gradle.plugin.internal.BuildIdService$Companion$registerIfAbsent$1$1: loaded 2 times (x 72B)
Class org.jetbrains.kotlin.konan.target.KonanTarget$IOS_ARM64                         : loaded 2 times (x 75B)
Class org.jetbrains.kotlin.gradle.targets.js.dsl.KotlinWasmTargetDsl                  : loaded 2 times (x 67B)
Class org.jetbrains.kotlin.gradle.plugin.diagnostics.checkers.DisabledCinteropCommonizationInHmppProjectChecker$runChecks$1: loaded 2 times (x 85B)
Class org.jetbrains.kotlin.gradle.plugin.sources.ConsistencyCheck                     : loaded 2 times (x 69B)
Class org.jetbrains.kotlin.gradle.plugin.sources.DefaultKotlinSourceSetKt$defaultSourceSetLanguageSettingsChecker$2: loaded 2 times (x 75B)
Class org.jetbrains.kotlin.gradle.dsl.KotlinCommonToolOptions                         : loaded 2 times (x 67B)
Class org.jetbrains.kotlin.gradle.plugin.AbstractKotlinPlugin                         : loaded 2 times (x 75B)
Class org.jetbrains.kotlin.gradle.tasks.DefaultKotlinJavaToolchain$Companion$wireJvmTargetToJvm$1: loaded 2 times (x 72B)
Class org.jetbrains.kotlin.gradle.plugin.diagnostics.checkers.ComposePluginSuggestApplyChecker: loaded 2 times (x 71B)
Class org.jetbrains.kotlin.gradle.dsl.KotlinMultiplatformExtension                    : loaded 2 times (x 604B)
Class com.google.common.cache.RemovalListener                                         : loaded 2 times (x 67B)
Class org.gradle.api.internal.DefaultClassPathRegistry                                : loaded 2 times (x 73B)
Class org.jetbrains.kotlin.gradle.targets.js.npm.DefaultPeerNpmDependencyExtension$delegate$1: loaded 2 times (x 164B)
Class org.jetbrains.kotlin.gradle.targets.js.npm.NpmDependency                        : loaded 2 times (x 94B)
Class org.jetbrains.kotlin.gradle.targets.js.npm.DefaultNpmDependencyExtension        : loaded 2 times (x 149B)
Class org.jetbrains.kotlin.gradle.targets.js.npm.NpmDependency$Scope                  : loaded 2 times (x 76B)
Class org.jetbrains.kotlin.gradle.plugin.sources.FragmentConsistencyChecks$unstableFeaturesCheck$1: loaded 2 times (x 76B)
Class org.jetbrains.kotlin.gradle.plugin.sources.DefaultKotlinSourceSet               : loaded 2 times (x 138B)
Class org.jetbrains.kotlin.gradle.plugin.diagnostics.checkers.AndroidSourceSetLayoutV1SourceSetsNotFoundChecker: loaded 2 times (x 71B)
Class org.jetbrains.kotlin.gradle.utils.ConfigurationsKt$sam$org_gradle_api_Action$0  : loaded 2 times (x 72B)
Class org.jetbrains.kotlin.gradle.plugin.VariantImplementationFactories$Parameters    : loaded 2 times (x 67B)
Class com.google.common.primitives.IntsMethodsForWeb                                  : loaded 2 times (x 68B)
Class com.google.common.collect.Multimap                                              : loaded 2 times (x 67B)
Class org.gradle.api.internal.ClassPathRegistry                                       : loaded 2 times (x 67B)
Class org.gradle.internal.classpath.DefaultClassPath$ImmutableUniqueList              : loaded 2 times (x 196B)
Class org.jetbrains.kotlin.gradle.plugin.KotlinCompilation$DefaultImpls               : loaded 2 times (x 68B)
Class org.jetbrains.kotlin.gradle.utils.ProviderApiUtilsKt$providerWithLazyConvention$1: loaded 2 times (x 71B)
Class org.jetbrains.kotlin.konan.target.KonanTarget$Companion$predefinedTargets$2     : loaded 2 times (x 75B)
Class org.jetbrains.kotlin.gradle.plugin.sources.FragmentConsistencyChecks$unstableFeaturesCheck$2: loaded 2 times (x 75B)
Class org.jetbrains.kotlin.gradle.plugin.KotlinPluginLifecycleImpl                    : loaded 2 times (x 77B)
Class org.jetbrains.kotlin.gradle.plugin.diagnostics.KotlinToolingDiagnostics$WasmWasiEnvironmentNotChosenExplicitly: loaded 2 times (x 70B)
Class org.jetbrains.kotlin.gradle.artifacts.KotlinNativeKlibArtifactKt$KotlinNativeKlibArtifact$1: loaded 2 times (x 71B)
Class com.google.common.base.Equivalence$Identity                                     : loaded 2 times (x 79B)
Class org.jetbrains.kotlin.gradle.dsl.KotlinCommonCompilerToolOptionsDefault          : loaded 2 times (x 81B)
Class org.jetbrains.kotlin.gradle.internal.properties.NativePropertiesLoader$isUseXcodeMessageStyleEnabled$1: loaded 2 times (x 72B)
Class org.jetbrains.kotlin.gradle.plugin.statistics.KotlinBuildStatisticsUtilsKt$collectGeneralConfigurationTimeMetrics$statisticOverhead$1$2: loaded 2 times (x 72B)
Class org.jetbrains.kotlin.gradle.plugin.StatisticsBuildFlowManager_Decorated         : loaded 2 times (x 116B)
Class org.jetbrains.kotlin.gradle.report.BuildReportMode$Companion                    : loaded 2 times (x 68B)
Class org.jetbrains.kotlin.gradle.plugin.VariantImplementationFactories$VariantImplementationFactory: loaded 2 times (x 67B)
Class com.google.common.base.PairwiseEquivalence                                      : loaded 2 times (x 80B)
Class org.jetbrains.kotlin.gradle.utils.GradleAttributesContainerUtilsKt              : loaded 2 times (x 68B)
Class org.jetbrains.kotlin.gradle.plugin.mpp.ApplyUserDefinedAttributesKt$UserDefinedAttributesSetupAction$1$1: loaded 2 times (x 76B)
Class org.jetbrains.kotlin.compilerRunner.CompilerSystemPropertiesService             : loaded 2 times (x 77B)
Class org.jetbrains.kotlin.gradle.plugin.mpp.compilationImpl.KotlinCompilationImpl$1  : loaded 2 times (x 76B)
Class org.jetbrains.kotlin.gradle.targets.js.npm.SemVer$Companion                     : loaded 2 times (x 68B)
Class org.jetbrains.kotlin.konan.target.KonanTarget$LINUX_ARM64                       : loaded 2 times (x 75B)
Class org.jetbrains.kotlin.konan.target.KonanTarget$LINUX_X64                         : loaded 2 times (x 75B)
Class [Lorg.jetbrains.kotlin.konan.target.Architecture;                               : loaded 2 times (x 66B)
Class org.jetbrains.kotlin.gradle.targets.native.SetupEmbedAndSignAppleFrameworkTaskSideEffectKt$special$$inlined$KotlinTargetSideEffect$1: loaded 2 times (x 71B)
Class org.jetbrains.kotlin.gradle.plugin.mpp.KotlinUsages$KotlinCinteropCompatibility : loaded 2 times (x 74B)
Class org.jetbrains.kotlin.gradle.dsl.ExplicitApiMode                                 : loaded 2 times (x 76B)
Class org.jetbrains.kotlin.gradle.plugin.VariantImplementationFactories$Companion     : loaded 2 times (x 68B)
Class org.jetbrains.kotlin.gradle.plugin.internal.CustomPropertiesFileValueSource$Parameters_Decorated: loaded 2 times (x 131B)
Class org.jetbrains.kotlin.gradle.dsl.KotlinTopLevelExtensionConfig                   : loaded 2 times (x 67B)
Class com.google.common.cache.CacheBuilder                                            : loaded 2 times (x 69B)
Class com.google.common.collect.SingletonImmutableList                                : loaded 2 times (x 204B)
Class Settings_gradle$1                                                               : loaded 2 times (x 71B)
Class org.gradle.internal.classpath.ClassPath                                         : loaded 2 times (x 67B)
Class org.gradle.api.UncheckedIOException                                             : loaded 2 times (x 79B)
Class org.jetbrains.kotlin.gradle.plugin.mpp.compilationImpl.KotlinCompilationImpl$2  : loaded 2 times (x 76B)
Class com.google.common.base.JdkPattern                                               : loaded 2 times (x 72B)
Class org.jetbrains.kotlin.gradle.dsl.PlatformSourceSetConventionsChecker$runChecks$1 : loaded 2 times (x 85B)
Class org.jetbrains.kotlin.gradle.plugin.mpp.compilationImpl.KotlinCompilationProcessorSideEffectKt$KotlinCompilationProcessorSideEffect$1: loaded 2 times (x 71B)
Class org.jetbrains.kotlin.gradle.dsl.KotlinJvmCompilerOptionsDefault                 : loaded 2 times (x 105B)
Class org.jetbrains.kotlin.gradle.internal.UsesClassLoadersCachingBuildService        : loaded 2 times (x 67B)
Class com.google.common.collect.ImmutableList$ReverseImmutableList                    : loaded 2 times (x 206B)
Class org.jetbrains.kotlin.gradle.internal.transforms.BuildToolsApiClasspathEntrySnapshotTransform$Parameters: loaded 2 times (x 85B)
Class org.jetbrains.kotlin.gradle.plugin.KotlinCompilationInfoKt                      : loaded 2 times (x 68B)
Class org.jetbrains.kotlin.gradle.tasks.KotlinCompile                                 : loaded 2 times (x 501B)
Class org.jetbrains.kotlin.gradle.internal.StdlibDependencyManagementKt               : loaded 2 times (x 68B)
Class org.jetbrains.kotlin.gradle.dsl.PlatformSourceSetConventionsChecker$runChecks$2 : loaded 2 times (x 75B)
Class org.jetbrains.kotlin.konan.target.KonanTarget$MINGW_X64                         : loaded 2 times (x 75B)
Class org.jetbrains.kotlin.gradle.utils.ObservableSet                                 : loaded 2 times (x 67B)
Class org.jetbrains.kotlin.gradle.plugin.diagnostics.KotlinToolingDiagnosticsCollectorKt: loaded 2 times (x 68B)
Class org.jetbrains.kotlin.gradle.plugin.mpp.HierarchyAttributeContainer              : loaded 2 times (x 80B)
Class org.jetbrains.kotlin.gradle.tasks.UsesKotlinJavaToolchain                       : loaded 2 times (x 67B)
Class org.jetbrains.kotlin.gradle.plugin.DefaultKotlinBasePlugin$apply$1              : loaded 2 times (x 72B)
Class org.jetbrains.kotlin.statistics.metrics.StringOverridePolicy$OVERRIDE           : loaded 2 times (x 82B)
Class org.jetbrains.kotlin.gradle.internal.properties.PropertiesBuildService$Params_Decorated: loaded 2 times (x 131B)
Class org.objectweb.asm.SymbolTable$Entry                                             : loaded 2 times (x 71B)
Class Native_plugin_loader_gradle                                                     : loaded 2 times (x 127B)
Class org.jetbrains.kotlin.gradle.incremental.UsesIncrementalModuleInfoBuildService   : loaded 2 times (x 67B)
Class org.jetbrains.kotlin.konan.target.KonanTarget$ANDROID_X86                       : loaded 2 times (x 75B)
Class org.jetbrains.kotlin.gradle.dsl.PlatformSourceSetConventionsChecker$runChecks$3 : loaded 2 times (x 75B)
Class org.jetbrains.kotlin.gradle.plugin.RegisterKotlinPluginExtensionsKt             : loaded 2 times (x 68B)
Class org.jetbrains.kotlin.gradle.utils.CompilerOptionsKt$configureExperimentalTryNext$1$1: loaded 2 times (x 75B)
Class org.jetbrains.kotlin.gradle.utils.CompilerOptionsKt                             : loaded 2 times (x 68B)
Class org.jetbrains.kotlin.gradle.plugin.PropertiesProvider$Companion                 : loaded 2 times (x 68B)
Class org.jetbrains.kotlin.gradle.utils.SingleAction                                  : loaded 2 times (x 70B)
Class org.objectweb.asm.Edge                                                          : loaded 2 times (x 69B)
Class com.google.common.base.Suppliers$SupplierOfInstance                             : loaded 2 times (x 76B)
Class com.google.common.collect.Iterators$1                                           : loaded 2 times (x 78B)
Class org.jetbrains.kotlin.tooling.core.ExtrasPropertyKt$extrasLazyProperty$1         : loaded 2 times (x 91B)
Class org.jetbrains.kotlin.gradle.dsl.PlatformSourceSetConventionsChecker$runChecks$4 : loaded 2 times (x 75B)
Class org.jetbrains.kotlin.gradle.plugin.diagnostics.checkers.JsLikeEnvironmentChecker$runChecks$1: loaded 2 times (x 85B)
Class org.jetbrains.kotlin.gradle.plugin.diagnostics.KotlinToolingDiagnostics$WasmJsEnvironmentNotChosenExplicitly: loaded 2 times (x 70B)
Class org.jetbrains.kotlin.gradle.plugin.diagnostics.UsesKotlinToolingDiagnostics     : loaded 2 times (x 67B)
Class org.jetbrains.kotlin.statistics.metrics.BooleanAnonymizationPolicy$SAFE         : loaded 2 times (x 82B)
Class com.google.common.cache.LocalCache$ComputingValueReference                      : loaded 2 times (x 93B)
Class com.google.common.collect.SingletonImmutableSet                                 : loaded 2 times (x 143B)
Class com.google.common.collect.ImmutableMap$IteratorBasedImmutableMap                : loaded 2 times (x 123B)
Class org.jetbrains.kotlin.gradle.plugin.mpp.compilationImpl.DefaultKotlinCompilationSourceSetsContainer$allKotlinSourceSetsImpl$1$1: loaded 2 times (x 77B)
Class org.jetbrains.kotlin.gradle.plugin.mpp.compilationImpl.DefaultKotlinCompilationSourceSetsContainer: loaded 2 times (x 75B)
Class org.jetbrains.kotlin.konan.target.KonanTarget$TVOS_SIMULATOR_ARM64              : loaded 2 times (x 75B)
Class org.jetbrains.kotlin.konan.target.KonanTarget$Companion                         : loaded 2 times (x 68B)
Class org.jetbrains.kotlin.gradle.plugin.KotlinPluginLifecycle$Stage$Companion        : loaded 2 times (x 68B)
Class org.jetbrains.kotlin.gradle.plugin.diagnostics.checkers.DeprecatedKotlinNativeTargetsChecker: loaded 2 times (x 71B)
Class org.jetbrains.kotlin.gradle.targets.native.ConfigureFrameworkExportSideEffectKt$special$$inlined$KotlinTargetSideEffect$1: loaded 2 times (x 71B)
Class org.jetbrains.kotlin.tooling.core.AbstractExtras                                : loaded 2 times (x 138B)
Class com.google.common.cache.LocalCache$Segment                                      : loaded 2 times (x 151B)
Class Native_plugin_loader_gradle$NativePluginLoader$Companion                        : loaded 2 times (x 68B)
Class org.jetbrains.kotlin.gradle.internal.StdlibDependencyManagementKt$addStdlibDependency$1$1: loaded 2 times (x 76B)
Class org.jetbrains.kotlin.gradle.tasks.configuration.BaseKotlinCompileConfig$2$1     : loaded 2 times (x 72B)
Class org.jetbrains.kotlin.gradle.plugin.diagnostics.TransformActionUsingKotlinToolingDiagnostics: loaded 2 times (x 67B)
Class com.google.common.collect.SortedIterable                                        : loaded 2 times (x 67B)
Class org.jetbrains.kotlin.gradle.dsl.PlatformSourceSetConventionsChecker$runChecks$6 : loaded 2 times (x 85B)
Class org.jetbrains.kotlin.gradle.plugin.sources.DefaultKotlinSourceSet_Decorated     : loaded 2 times (x 189B)
Class org.jetbrains.kotlin.gradle.plugin.mpp.KotlinCompilationsKt                     : loaded 2 times (x 68B)
Class org.jetbrains.kotlin.statistics.metrics.StringOverridePolicy                    : loaded 2 times (x 82B)
Class org.jetbrains.kotlin.gradle.plugin.statistics.DefaultKotlinBuildStatsBeanService: loaded 2 times (x 89B)
Class org.jetbrains.kotlin.gradle.utils.GradleUtilsKt$registerClassLoaderScopedBuildService$1: loaded 2 times (x 71B)
Class com.google.common.collect.AbstractListMultimap                                  : loaded 2 times (x 169B)
Class [Lorg.objectweb.asm.SymbolTable$Entry;                                          : loaded 2 times (x 66B)
Class com.google.common.cache.CacheLoader                                             : loaded 2 times (x 71B)
Class com.google.common.collect.Iterators$4                                           : loaded 2 times (x 79B)
Class com.google.common.collect.ImmutableBiMap                                        : loaded 2 times (x 140B)
Class org.gradle.internal.installation.GradleInstallation$1                           : loaded 2 times (x 72B)
Class org.gradle.api.internal.classpath.ModuleRegistry                                : loaded 2 times (x 67B)
Class org.jetbrains.kotlin.gradle.plugin.KotlinPluginLifecycle$ProjectConfigurationResult: loaded 2 times (x 68B)
Class org.jetbrains.kotlin.gradle.internal.KotlinDependenciesManagementKt$configureDefaultVersionsResolutionStrategy$1: loaded 2 times (x 72B)
Class org.jetbrains.kotlin.gradle.internal.StdlibDependencyManagementKt$configureStdlibDefaultDependency$1: loaded 2 times (x 76B)
Class org.jetbrains.kotlin.gradle.model.builder.KotlinModelBuilder$Companion          : loaded 2 times (x 68B)
Class org.jetbrains.kotlin.gradle.plugin.mpp.compilationImpl.KotlinCreateResourcesTaskSideEffectKt: loaded 2 times (x 68B)
Class org.jetbrains.kotlin.gradle.targets.native.internal.SetupKotlinNativePlatformDependenciesAndStdlibKt: loaded 2 times (x 68B)
Class org.jetbrains.kotlin.gradle.plugin.mpp.KotlinUsages                             : loaded 2 times (x 68B)
Class org.jetbrains.kotlin.gradle.internal.properties.NativePropertiesLoader$Companion: loaded 2 times (x 68B)
Class [Lorg.jetbrains.kotlin.build.report.metrics.GradleBuildPerformanceMetric;       : loaded 2 times (x 66B)
Class org.jetbrains.kotlin.gradle.plugin.statistics.KotlinBuildStatsBeanService$Companion: loaded 2 times (x 68B)
Class org.jetbrains.kotlin.gradle.plugin.statistics.BuildFusService$Companion         : loaded 2 times (x 68B)
Class com.google.common.util.concurrent.internal.InternalFutureFailureAccess          : loaded 2 times (x 69B)
Class com.google.common.collect.Iterators$5                                           : loaded 2 times (x 79B)
Class com.google.common.collect.ImmutableSet$JdkBackedSetBuilderImpl                  : loaded 2 times (x 73B)
Class org.jetbrains.kotlin.gradle.plugin.HasCompilerOptions                           : loaded 2 times (x 67B)
Class org.jetbrains.kotlin.gradle.plugin.mpp.compilationImpl.DefaultKotlinCompilationFriendPathsResolver$FriendArtifactResolver: loaded 2 times (x 67B)
Class org.jetbrains.kotlin.konan.target.KonanTarget$WATCHOS_SIMULATOR_ARM64           : loaded 2 times (x 75B)
Class org.jetbrains.kotlin.gradle.targets.js.ir.KotlinJsIrTarget                      : loaded 2 times (x 251B)
Class org.jetbrains.kotlin.gradle.plugin.mpp.DefaultKotlinUsageContext                : loaded 2 times (x 105B)
Class org.jetbrains.kotlin.gradle.plugin.KotlinPluginLifecycleImpl$start$3            : loaded 2 times (x 76B)
Class org.jetbrains.kotlin.gradle.plugin.KotlinMultiplatformPluginWrapper             : loaded 2 times (x 83B)
Class [Lorg.jetbrains.kotlin.statistics.metrics.BooleanMetrics;                       : loaded 2 times (x 66B)
Class org.jetbrains.kotlin.gradle.internal.properties.PropertiesBuildService$Companion: loaded 2 times (x 68B)
Class com.google.common.cache.LocalCache$LocalManualCache$1                           : loaded 2 times (x 72B)
Class com.google.common.base.CharMatcher$ForPredicate                                 : loaded 2 times (x 109B)
Class org.jetbrains.kotlin.gradle.plugin.mpp.compilationImpl.KotlinCompilationConfigurationsContainer: loaded 2 times (x 67B)
Class org.jetbrains.kotlin.gradle.internal.StdlibDependencyManagementKt$addStdlibDependency$1: loaded 2 times (x 72B)
Class [Lorg.jetbrains.kotlin.gradle.plugin.KotlinPluginLifecycle$CoroutineStart;      : loaded 2 times (x 66B)
Class org.jetbrains.kotlin.gradle.dsl.IosSourceSetConventionChecker                   : loaded 2 times (x 71B)
Class org.jetbrains.kotlin.gradle.plugin.diagnostics.KotlinGradleProjectChecker       : loaded 2 times (x 67B)
Class org.jetbrains.kotlin.gradle.plugin.sources.KotlinSourceSetFactory$Companion     : loaded 2 times (x 68B)
Class org.jetbrains.kotlin.gradle.dsl.KotlinMultiplatformSourceSetConventions         : loaded 2 times (x 67B)
Class org.jetbrains.kotlin.statistics.metrics.NumberOverridePolicy$SUM                : loaded 2 times (x 82B)
Class com.google.common.base.CharMatcher$AnyOf                                        : loaded 2 times (x 109B)
Class com.google.common.collect.ImmutableCollection                                   : loaded 2 times (x 122B)
Class org.gradle.api.internal.classpath.DefaultModuleRegistry                         : loaded 2 times (x 83B)
Class org.jetbrains.kotlin.gradle.plugin.mpp.compilationImpl.factory.CompositePostConfigure: loaded 2 times (x 72B)
Class org.jetbrains.kotlin.gradle.targets.native.internal.CInteropConfigurationsKt    : loaded 2 times (x 68B)
Class org.jetbrains.kotlin.gradle.plugin.statistics.BuildFusService$Parameters$Inject : loaded 2 times (x 109B)
Class org.jetbrains.kotlin.build.report.metrics.GradleBuildTime$Companion             : loaded 2 times (x 68B)
Class org.jetbrains.kotlin.statistics.metrics.StatisticsValuesConsumer                : loaded 2 times (x 67B)
Class com.google.common.collect.Lists                                                 : loaded 2 times (x 68B)
Class com.google.common.util.concurrent.ListenableFuture                              : loaded 2 times (x 67B)
Class com.google.common.cache.ReferenceEntry                                          : loaded 2 times (x 67B)
Class com.google.common.base.Converter                                                : loaded 2 times (x 87B)
Class com.google.common.collect.ImmutableSet$CachingAsList                            : loaded 2 times (x 145B)
Class org.jetbrains.kotlin.gradle.model.builder.KotlinModelBuilder                    : loaded 2 times (x 73B)
Class [Lorg.jetbrains.kotlin.tooling.core.HasMutableExtras;                           : loaded 2 times (x 66B)
Class org.jetbrains.kotlin.gradle.plugin.diagnostics.checkers.GradleDeprecatedPropertyChecker: loaded 2 times (x 71B)
Class org.jetbrains.kotlin.gradle.artifacts.KotlinJsKlibArtifactKt$KotlinJsKlibArtifact$1: loaded 2 times (x 71B)
Class org.jetbrains.kotlin.gradle.targets.CreateTargetConfigurationsSideEffectKt      : loaded 2 times (x 68B)
Class org.jetbrains.kotlin.gradle.plugin.mpp.ApplyUserDefinedAttributesKt$UserDefinedAttributesSetupAction$1: loaded 2 times (x 92B)
Class org.jetbrains.kotlin.gradle.plugin.mpp.KotlinAndroidTarget                      : loaded 2 times (x 156B)
Class org.jetbrains.kotlin.gradle.plugin.DefaultKotlinBasePlugin$addKotlinCompilerConfiguration$1: loaded 2 times (x 72B)
Class org.jetbrains.kotlin.gradle.plugin.statistics.NonSynchronizedMetricsContainer   : loaded 2 times (x 79B)
Class org.jetbrains.kotlin.gradle.plugin.internal.DefaultCompatibilityConventionRegistrar: loaded 2 times (x 71B)
Class org.jetbrains.kotlin.gradle.plugin.PropertiesProvider                           : loaded 2 times (x 70B)
Class com.google.common.collect.AbstractMapBasedMultimap                              : loaded 2 times (x 136B)
Class com.google.common.util.concurrent.AbstractFuture                                : loaded 2 times (x 103B)
Class com.google.common.base.FunctionalEquivalence                                    : loaded 2 times (x 80B)
Class com.google.common.collect.Iterators$9                                           : loaded 2 times (x 78B)
Class com.google.common.collect.ImmutableAsList                                       : loaded 2 times (x 206B)
Class org.jetbrains.kotlin.gradle.plugin.mpp.compilationImpl.factory.KotlinCompilationImplFactory$KotlinCompilationOutputFactory: loaded 2 times (x 67B)
Class org.jetbrains.kotlin.konan.target.TargetSupportException                        : loaded 2 times (x 79B)
Class org.jetbrains.kotlin.gradle.plugin.KotlinCompilationToRunnableFiles             : loaded 2 times (x 67B)
Class org.jetbrains.kotlin.gradle.tooling.BuildKotlinToolingMetadataTaskKt            : loaded 2 times (x 68B)
Class org.jetbrains.kotlin.gradle.plugin.ProjectLocalConfigurations$setupAttributesMatchingStrategy$1$1: loaded 2 times (x 71B)
Class org.jetbrains.kotlin.gradle.targets.native.toolchain.KotlinNativeBundleBuildService$Companion$registerIfAbsent$2$1$1: loaded 2 times (x 72B)
Class org.jetbrains.kotlin.statistics.BuildSessionLogger$Companion                    : loaded 2 times (x 68B)
Class org.objectweb.asm.RecordComponentVisitor                                        : loaded 2 times (x 74B)
Class com.google.common.cache.CacheLoader$SupplierToCacheLoader                       : loaded 2 times (x 72B)
Class org.jetbrains.kotlin.compilerRunner.CompilerSystemPropertiesService$Companion$registerIfAbsent$2$1$1: loaded 2 times (x 72B)
Class org.jetbrains.kotlin.gradle.plugin.KotlinCompilationInfo                        : loaded 2 times (x 85B)
Class org.jetbrains.kotlin.tooling.core.ExtrasPropertyKt                              : loaded 2 times (x 68B)
Class org.jetbrains.kotlin.gradle.tasks.BaseKotlinCompile                             : loaded 2 times (x 67B)
Class org.jetbrains.kotlin.gradle.plugin.internal.UsesBuildIdProviderService          : loaded 2 times (x 67B)
Class org.jetbrains.kotlin.gradle.plugin.mpp.compilationImpl.KotlinCompilationSourceSetInclusion$include$1: loaded 2 times (x 76B)
Class org.jetbrains.kotlin.gradle.plugin.mpp.compilationImpl.factory.KotlinCompilationImplFactory$KotlinCompilationDependencyConfigurationsFactory: loaded 2 times (x 67B)
Class org.jetbrains.kotlin.gradle.plugin.KotlinPluginLifecycleCoroutineContextElement$Key: loaded 2 times (x 68B)
Class org.jetbrains.kotlin.gradle.plugin.diagnostics.KotlinToolingDiagnosticsSetupActionKt$KotlinToolingDiagnosticsSetupAction$1: loaded 2 times (x 71B)
Class org.jetbrains.kotlin.gradle.dsl.KotlinProjectExtensionKt                        : loaded 2 times (x 68B)
Class org.jetbrains.kotlin.gradle.plugin.KotlinGradleBuildServices$Parameters_Decorated: loaded 2 times (x 131B)
Class org.jetbrains.kotlin.gradle.plugin.DefaultKotlinBasePlugin$addKotlinCompilerConfiguration$3: loaded 2 times (x 72B)
Class [Lorg.jetbrains.kotlin.statistics.metrics.IMetricContainerFactory;              : loaded 2 times (x 66B)
Class org.jetbrains.kotlin.gradle.internal.IdeaKt                                     : loaded 2 times (x 68B)
Class org.gradle.internal.service.ServiceLookupException                              : loaded 2 times (x 79B)
Class org.jetbrains.kotlin.gradle.plugin.hierarchy.KotlinSourceSetTreeClassifierKt$sourceSetTreeClassifier$2: loaded 2 times (x 75B)
Class com.google.common.collect.ImmutableSortedSet                                    : loaded 2 times (x 297B)
Class org.jetbrains.kotlin.konan.target.HostManager                                   : loaded 2 times (x 69B)
Class org.jetbrains.kotlin.gradle.targets.js.npm.NpmDirectoryDependencyExtension      : loaded 2 times (x 67B)
Class org.jetbrains.kotlin.gradle.plugin.mpp.KotlinUsageContext$MavenScope            : loaded 2 times (x 76B)
Class org.jetbrains.kotlin.gradle.targets.native.KotilnNativeConfigureBinariesSideEffectKt$special$$inlined$KotlinTargetSideEffect$1: loaded 2 times (x 71B)
Class org.jetbrains.kotlin.gradle.plugin.KotlinProjectSetupAction$Companion           : loaded 2 times (x 68B)
Class [Lcom.google.common.cache.LocalCache$EntryFactory;                              : loaded 2 times (x 66B)
Class org.gradle.internal.classloader.ClassLoaderFactory                              : loaded 2 times (x 67B)
Class org.jetbrains.kotlin.gradle.plugin.SubpluginEnvironment                         : loaded 2 times (x 69B)
Class org.jetbrains.kotlin.gradle.internal.StdlibDependencyManagementKt$addStdlibDependency$1$1$1: loaded 2 times (x 72B)
Class com.google.common.base.CommonPattern                                            : loaded 2 times (x 71B)
Class org.jetbrains.kotlin.gradle.plugin.sources.AbstractKotlinSourceSet              : loaded 2 times (x 138B)
Class org.jetbrains.kotlin.gradle.tooling.BuildKotlinToolingMetadataTaskKt$RegisterBuildKotlinToolingMetadataTask$1: loaded 2 times (x 71B)
Class org.jetbrains.kotlin.compilerRunner.GradleCliCommonizerKt$maybeCreateCommonizerClasspathConfiguration$1$1: loaded 2 times (x 72B)
Class [Lorg.jetbrains.kotlin.build.report.metrics.ValueType;                          : loaded 2 times (x 66B)
Class com.google.common.cache.LocalCache$LocalManualCache                             : loaded 2 times (x 96B)
Class com.google.common.base.CharMatcher$IsNot                                        : loaded 2 times (x 108B)
Class org.gradle.internal.service.CachingServiceLocator                               : loaded 2 times (x 79B)
Class org.jetbrains.kotlin.gradle.plugin.KotlinTargetConfiguratorKt$WhenMappings      : loaded 2 times (x 68B)
Class com.google.common.collect.AbstractMapBasedMultimap$KeySet                       : loaded 2 times (x 134B)
Class com.google.common.collect.RegularImmutableSortedSet                             : loaded 2 times (x 297B)
Class org.jetbrains.kotlin.gradle.internal.KotlinTestDependencyManagementKt$configureKotlinTestDependency$1: loaded 2 times (x 76B)
Class org.jetbrains.kotlin.gradle.plugin.diagnostics.checkers.OverriddenKotlinNativeHomeChecker$StdlibExistenceCheckerValueSource$Params_Decorated: loaded 2 times (x 131B)
Class org.jetbrains.kotlin.project.model.LanguageSettings                             : loaded 2 times (x 67B)
Class org.jetbrains.kotlin.gradle.plugin.KotlinPluginLifecycleKt$kotlinPluginLifecycle$2: loaded 2 times (x 75B)
Class org.jetbrains.kotlin.gradle.plugin.statistics.BuildFusService$Companion$registerIfAbsent$1$1: loaded 2 times (x 76B)
Class org.jetbrains.kotlin.gradle.plugin.internal.CompatibilityConventionRegistrar$Factory: loaded 2 times (x 67B)
Class com.google.common.math.IntMath                                                  : loaded 2 times (x 68B)
Class org.jetbrains.kotlin.gradle.plugin.mpp.InternalKotlinCompilation$DefaultImpls   : loaded 2 times (x 68B)
Class org.jetbrains.kotlin.gradle.plugin.mpp.compilationImpl.KotlinCompilationSourceSetInclusion$DefaultAddSourcesToCompileTask: loaded 2 times (x 71B)
Class org.jetbrains.kotlin.gradle.internal.KotlinTestDependencyManagementKt$configureKotlinTestDependency$2: loaded 2 times (x 72B)
Class org.jetbrains.kotlin.gradle.dsl.PlatformSourceSetConventionsChecker$runChecks$$inlined$CheckedPlatformInfo$default$1: loaded 2 times (x 75B)
Class [Lorg.jetbrains.kotlin.gradle.plugin.KotlinPluginLifecycle$Stage;               : loaded 2 times (x 66B)
Class org.jetbrains.kotlin.gradle.artifacts.KotlinTargetArtifact$Companion            : loaded 2 times (x 68B)
Class org.jetbrains.kotlin.gradle.plugin.mpp.compilationImpl.KotlinCreateLifecycleTasksSideEffectKt$KotlinCreateLifecycleTasksSideEffect$1: loaded 2 times (x 71B)
Class org.jetbrains.kotlin.gradle.dsl.KotlinGradlePluginDsl                           : loaded 2 times (x 67B)
Class org.jetbrains.kotlin.tooling.core.MutableExtras                                 : loaded 2 times (x 67B)
Class org.jetbrains.kotlin.gradle.plugin.KotlinGradleBuildServices$detectKotlinPluginLoadedInMultipleProjects$onRegister$1: loaded 2 times (x 76B)
Class org.jetbrains.kotlin.build.report.metrics.BuildTime                             : loaded 2 times (x 67B)
Class org.objectweb.asm.commons.InstructionAdapter                                    : loaded 2 times (x 185B)
Class com.google.common.collect.ImmutableMapEntry                                     : loaded 2 times (x 82B)
Class org.jetbrains.kotlin.gradle.tasks.CompileUsingKotlinDaemon                      : loaded 2 times (x 67B)
Class org.jetbrains.kotlin.gradle.plugin.mpp.KotlinWithJavaTarget                     : loaded 2 times (x 157B)
Class org.jetbrains.kotlin.gradle.utils.StoredPropertyKt$extrasStoredProperty$1       : loaded 2 times (x 75B)
Class org.jetbrains.kotlin.gradle.plugin.mpp.compilationImpl.KotlinCreateNativeCompileTasksSideEffectKt$special$$inlined$KotlinCompilationSideEffect$1: loaded 2 times (x 71B)
Class org.jetbrains.kotlin.gradle.targets.KotlinTargetSideEffect$Companion            : loaded 2 times (x 68B)
Class org.jetbrains.kotlin.gradle.dsl.KotlinSingleJavaTargetExtension                 : loaded 2 times (x 121B)
Class org.jetbrains.kotlin.gradle.plugin.KotlinPluginLifecycle$IllegalLifecycleException: loaded 2 times (x 79B)
Class org.jetbrains.kotlin.gradle.internal.properties.NativePropertiesLoader$userProvidedNativeHome$1: loaded 2 times (x 72B)
Class org.jetbrains.kotlin.gradle.plugin.KotlinGradleFinishBuildHandler               : loaded 2 times (x 69B)
Class [Lorg.jetbrains.kotlin.build.report.metrics.BuildPerformanceMetric;             : loaded 2 times (x 66B)
Class org.jetbrains.kotlin.statistics.metrics.StringOverridePolicy$CONCAT             : loaded 2 times (x 82B)
Class org.jetbrains.kotlin.gradle.dsl.KotlinTopLevelExtension                         : loaded 2 times (x 67B)
Class com.google.common.base.Equivalence                                              : loaded 2 times (x 79B)
Class com.google.common.base.Function                                                 : loaded 2 times (x 67B)
Class com.google.common.collect.ImmutableMapEntry$NonTerminalImmutableMapEntry        : loaded 2 times (x 82B)
Class org.jetbrains.kotlin.gradle.plugin.ProjectLocalConfigurationsKt                 : loaded 2 times (x 68B)
Class org.jetbrains.kotlin.gradle.plugin.mpp.compilationImpl.factory.KotlinCompilationImplFactory: loaded 2 times (x 69B)
Class org.jetbrains.kotlin.gradle.internal.KotlinDomApiDependencyManagementKt$addKotlinDomApiDependency$1: loaded 2 times (x 72B)
Class org.jetbrains.kotlin.gradle.plugin.diagnostics.checkers.KotlinTargetAlreadyDeclaredChecker$runChecks$1: loaded 2 times (x 85B)
Class org.jetbrains.kotlin.gradle.plugin.mpp.KotlinTargetWithBinaries                 : loaded 2 times (x 154B)
Class [Lorg.jetbrains.kotlin.gradle.plugin.KotlinSourceSet;                           : loaded 2 times (x 66B)
Class org.jetbrains.kotlin.gradle.plugin.diagnostics.checkers.JsEnvironmentChecker$1  : loaded 2 times (x 75B)
Class org.jetbrains.kotlin.gradle.plugin.diagnostics.KotlinToolingDiagnostics$JsLikeEnvironmentNotChosenExplicitly: loaded 2 times (x 70B)
Class org.jetbrains.kotlin.gradle.utils.StoredLazyProperty$getValue$1                 : loaded 2 times (x 76B)
Class org.jetbrains.kotlin.statistics.metrics.IMetricContainerFactory                 : loaded 2 times (x 67B)
Class org.jetbrains.kotlin.statistics.MetricValueValidationFailed                     : loaded 2 times (x 79B)
Class org.jetbrains.kotlin.gradle.plugin.PropertiesProvider$localProperties$2         : loaded 2 times (x 76B)
Class com.google.common.cache.CacheBuilder$OneWeigher                                 : loaded 2 times (x 79B)
Class com.google.common.collect.RegularImmutableList                                  : loaded 2 times (x 210B)
Class org.jetbrains.kotlin.gradle.tasks.configuration.KaptGenerateStubsConfig         : loaded 2 times (x 69B)
Class org.jetbrains.kotlin.gradle.targets.js.npm.SemVer                               : loaded 2 times (x 72B)
Class org.jetbrains.kotlin.gradle.plugin.diagnostics.checkers.JsEnvironmentChecker$2  : loaded 2 times (x 75B)
Class org.jetbrains.kotlin.gradle.utils.WhenPluginEnabledKt$whenPluginsEnabled$1      : loaded 2 times (x 72B)
Class org.jetbrains.kotlin.gradle.tasks.AbstractKotlinCompileTool                     : loaded 2 times (x 363B)
Class [Lorg.jetbrains.kotlin.gradle.report.BuildReportType;                           : loaded 2 times (x 66B)
Class org.jetbrains.kotlin.gradle.plugin.statistics.KotlinBuildStatsConfiguration     : loaded 2 times (x 69B)
Class org.jetbrains.kotlin.gradle.internal.properties.PropertiesBuildService$localProperties$2: loaded 2 times (x 76B)
Class org.gradle.internal.classloader.ClasspathUtil                                   : loaded 2 times (x 68B)
Class build_2qdy319kyed0exnwrp05shh4e$_run_closure1                                   : loaded 2 times (x 136B)
Class org.jetbrains.kotlin.gradle.dsl.KotlinCompile                                   : loaded 2 times (x 67B)
Class org.jetbrains.kotlin.gradle.plugin.mpp.compilationImpl.DefaultKotlinCompilationFriendPathsResolver$DefaultFriendArtifactResolver: loaded 2 times (x 71B)
Class org.jetbrains.kotlin.gradle.plugin.diagnostics.checkers.InternalGradlePropertiesUsageChecker$runChecks$1: loaded 2 times (x 85B)
Class org.jetbrains.kotlin.gradle.utils.StringUtilsKt$lowerCamelCaseName$1            : loaded 2 times (x 122B)
Class org.jetbrains.kotlin.gradle.plugin.diagnostics.checkers.JsEnvironmentChecker$3  : loaded 2 times (x 75B)
Class org.jetbrains.kotlin.gradle.dsl.JvmTarget$Companion                             : loaded 2 times (x 68B)
Class org.jetbrains.kotlin.gradle.internal.properties.NativePropertiesLoader$downloadFromMaven$1: loaded 2 times (x 72B)
Class org.jetbrains.kotlin.gradle.plugin.internal.DefaultConfigurationCacheStartParameterAccessor_Decorated: loaded 2 times (x 122B)
Class org.jetbrains.kotlin.gradle.plugin.internal.DefaultConfigurationCacheStartParameterAccessor: loaded 2 times (x 74B)
Class org.jetbrains.kotlin.tooling.core.HasExtras                                     : loaded 2 times (x 67B)
Class com.google.common.util.concurrent.Uninterruptibles                              : loaded 2 times (x 68B)
Class org.jetbrains.kotlin.gradle.plugin.sources.DefaultLanguageSettingsBuilder$freeCompilerArgsProvider$1: loaded 2 times (x 92B)
Class org.jetbrains.kotlin.konan.target.HostManager$Companion                         : loaded 2 times (x 68B)
Class org.jetbrains.kotlin.gradle.targets.js.npm.DevNpmDependencyExtension            : loaded 2 times (x 67B)
Class org.jetbrains.kotlin.gradle.plugin.diagnostics.checkers.PreHmppDependenciesUsageChecker: loaded 2 times (x 71B)
Class org.jetbrains.kotlin.gradle.targets.CreateArtifactsSideEffectKt                 : loaded 2 times (x 68B)
Class org.jetbrains.kotlin.gradle.plugin.AbstractKotlinMultiplatformPluginWrapper     : loaded 2 times (x 83B)
Class org.jetbrains.kotlin.gradle.utils.GradleConfigurationUtilsKt$addGradlePluginMetadataAttributes$1: loaded 2 times (x 72B)
Class org.jetbrains.kotlin.gradle.plugin.internal.DefaultProjectIsolationStartParameterAccessor: loaded 2 times (x 74B)
Class com.google.common.util.concurrent.LazyLogger                                    : loaded 2 times (x 69B)
Class com.google.common.collect.Maps                                                  : loaded 2 times (x 68B)
Class org.gradle.api.specs.Spec                                                       : loaded 2 times (x 67B)
Class org.jetbrains.kotlin.gradle.plugin.SubpluginEnvironment$Companion               : loaded 2 times (x 68B)
Class org.jetbrains.kotlin.gradle.plugin.mpp.ApplyUserDefinedAttributesKt$UserDefinedAttributesSetupAction$1$1$3: loaded 2 times (x 72B)
Class org.jetbrains.kotlin.gradle.tasks.configuration.BaseKotlinCompileConfig$Companion: loaded 2 times (x 68B)
Class org.jetbrains.kotlin.gradle.plugin.mpp.compilationImpl.KotlinCompilationImpl$Params: loaded 2 times (x 69B)
Class org.jetbrains.kotlin.konan.target.UtilsKt                                       : loaded 2 times (x 68B)
Class org.jetbrains.kotlin.gradle.tooling.BuildKotlinToolingMetadataTask              : loaded 2 times (x 314B)
Class org.jetbrains.kotlin.gradle.plugin.internal.CompatibilityConventionRegistrarKt  : loaded 2 times (x 68B)
Class org.jetbrains.kotlin.gradle.artifacts.KotlinJvmJarArtifactKt                    : loaded 2 times (x 68B)
Class org.jetbrains.kotlin.gradle.plugin.mpp.compilationImpl.CreateCInteropTasksSideEffectKt$special$$inlined$KotlinCompilationSideEffect$1: loaded 2 times (x 71B)
Class org.jetbrains.kotlin.gradle.plugin.statistics.FinalizeConfigurationFusMetricActionKt: loaded 2 times (x 68B)
Class org.jetbrains.kotlin.gradle.targets.native.toolchain.KotlinNativeBundleBuildService$Companion$registerIfAbsent$2$1: loaded 2 times (x 76B)
Class org.jetbrains.kotlin.build.report.metrics.GradleBuildPerformanceMetric$Companion: loaded 2 times (x 68B)
Class org.jetbrains.kotlin.gradle.plugin.statistics.KotlinBuildStatsBeanService       : loaded 2 times (x 84B)
Class [Lcom.google.common.collect.ImmutableEntry;                                     : loaded 2 times (x 66B)
Class org.jetbrains.kotlin.tooling.core.ExtrasLazyProperty                            : loaded 2 times (x 67B)
Class org.jetbrains.kotlin.gradle.internal.properties.NativeProperties$Companion      : loaded 2 times (x 68B)
Class org.jetbrains.kotlin.gradle.utils.StringUtilsKt                                 : loaded 2 times (x 68B)
Class org.jetbrains.kotlin.gradle.targets.ConfigureBuildSideEffectKt$ConfigureBuildSideEffect$1: loaded 2 times (x 71B)
Class org.jetbrains.kotlin.gradle.utils.CompletableFuture                             : loaded 2 times (x 67B)
Class org.jetbrains.kotlin.build.report.metrics.BuildPerformanceMetric                : loaded 2 times (x 67B)
Class [Lorg.jetbrains.kotlin.statistics.metrics.StringOverridePolicy;                 : loaded 2 times (x 66B)
Class com.google.common.cache.LocalCache$LoadingValueReference                        : loaded 2 times (x 93B)
Class org.jetbrains.kotlin.gradle.plugin.KotlinGradleBuildServices$Inject             : loaded 2 times (x 97B)
Class com.google.common.base.Platform                                                 : loaded 2 times (x 68B)
Class org.jetbrains.kotlin.gradle.plugin.diagnostics.checkers.OverriddenKotlinNativeHomeChecker$StdlibExistenceCheckerValueSource$Params$Inject: loaded 2 times (x 103B)
Class org.jetbrains.kotlin.gradle.plugin.diagnostics.checkers.CommonMainOrTestWithDependsOnChecker: loaded 2 times (x 71B)
Class org.jetbrains.kotlin.gradle.artifacts.KotlinNativeHostSpecificMetadataArtifactKt: loaded 2 times (x 68B)
Class org.jetbrains.kotlin.gradle.plugin.mpp.compilationImpl.KotlinCreateLifecycleTasksSideEffectKt: loaded 2 times (x 68B)
Class org.jetbrains.kotlin.gradle.plugin.KotlinTarget                                 : loaded 2 times (x 67B)
Class org.jetbrains.kotlin.gradle.utils.ConfigurationsKt$createResolvable$1           : loaded 2 times (x 75B)
Class [Lorg.jetbrains.kotlin.statistics.metrics.BooleanAnonymizationPolicy;           : loaded 2 times (x 66B)
Class org.jetbrains.kotlin.gradle.utils.Completable$await$1                           : loaded 2 times (x 85B)
Class org.jetbrains.kotlin.compilerRunner.CompilerSystemPropertiesService$Parameters  : loaded 2 times (x 67B)
Class org.jetbrains.kotlin.gradle.plugin.mpp.compilationImpl.KotlinCompilationSourceSetsContainer: loaded 2 times (x 67B)
Class org.jetbrains.kotlin.gradle.artifacts.KotlinNativeKlibArtifactKt                : loaded 2 times (x 68B)
Class org.jetbrains.kotlin.gradle.plugin.ProjectLocalConfigurations                   : loaded 2 times (x 68B)
Class org.jetbrains.kotlin.gradle.plugin.mpp.KotlinUsages$KotlinUsagesDisambiguation  : loaded 2 times (x 73B)
Class org.jetbrains.kotlin.tooling.core.Extras$Key$Companion                          : loaded 2 times (x 68B)
Class org.jetbrains.kotlin.tooling.core.Extras$Key                                    : loaded 2 times (x 69B)
Class [Lorg.objectweb.asm.AnnotationWriter;                                           : loaded 2 times (x 66B)
Class com.google.common.collect.Maps$8                                                : loaded 2 times (x 79B)
Class Build_gradle$3                                                                  : loaded 2 times (x 71B)
Class com.google.common.collect.ImmutableRangeSet$Builder                             : loaded 2 times (x 74B)
Class [Lcom.google.common.collect.Iterators$EmptyModifiableIterator;                  : loaded 2 times (x 66B)
Class org.jetbrains.kotlin.gradle.plugin.diagnostics.CheckKotlinGradlePluginConfigurationErrors: loaded 2 times (x 316B)
Class org.jetbrains.kotlin.gradle.plugin.sources.DefaultKotlinSourceSetKt             : loaded 2 times (x 68B)
Class org.jetbrains.kotlin.gradle.dsl.KotlinJvmOptions                                : loaded 2 times (x 67B)
Class org.jetbrains.kotlin.gradle.plugin.mpp.HierarchyAttributeContainer$1            : loaded 2 times (x 75B)
Class org.jetbrains.kotlin.gradle.plugin.KotlinPluginLifecycle                        : loaded 2 times (x 67B)
Class org.jetbrains.kotlin.gradle.plugin.KotlinJsPluginWrapper                        : loaded 2 times (x 83B)
Class org.jetbrains.kotlin.gradle.dsl.ToolchainSupport                                : loaded 2 times (x 67B)
Class org.jetbrains.kotlin.tooling.core.Extras                                        : loaded 2 times (x 67B)
Class org.jetbrains.kotlin.gradle.plugin.mpp.InternalKotlinTarget                     : loaded 2 times (x 67B)
Class org.jetbrains.kotlin.statistics.metrics.NumberAnonymizationPolicy$RANDOM_10_PERCENT: loaded 2 times (x 82B)
Class org.jetbrains.kotlin.statistics.metrics.StringMetrics                           : loaded 2 times (x 77B)
Class com.google.common.collect.Sets$SetView                                          : loaded 2 times (x 135B)
Class com.google.common.cache.LocalCache$StrongValueReference                         : loaded 2 times (x 87B)
Class org.jetbrains.kotlin.gradle.dsl.KotlinCommonCompilerOptionsHelper               : loaded 2 times (x 68B)
Class org.jetbrains.kotlin.gradle.plugin.KotlinJvmPlugin$Companion                    : loaded 2 times (x 68B)
Class org.jetbrains.kotlin.gradle.plugin.diagnostics.KotlinToolingDiagnostics         : loaded 2 times (x 68B)
Class org.jetbrains.kotlin.gradle.artifacts.KotlinMetadataArtifactKt                  : loaded 2 times (x 68B)
Class org.jetbrains.kotlin.gradle.targets.CreateArtifactsSideEffectKt$CreateArtifactsSideEffect$1: loaded 2 times (x 71B)
Class org.jetbrains.kotlin.gradle.internal.properties.PropertiesBuildService$property$1$valueFromGradleAndLocalProperties$1: loaded 2 times (x 72B)
Class org.jetbrains.kotlin.gradle.plugin.KotlinPluginWrapperKt$kotlinToolingVersion$2 : loaded 2 times (x 75B)
Class org.objectweb.asm.Type                                                          : loaded 2 times (x 69B)
Class org.gradle.internal.classloader.VisitableURLClassLoader$InstrumentingVisitableURLClassLoader: loaded 2 times (x 120B)
Class org.jetbrains.kotlin.gradle.plugin.mpp.compilationImpl.KotlinCompilationImpl$associateWith$2: loaded 2 times (x 76B)
Class org.jetbrains.kotlin.gradle.plugin.hierarchy.KotlinSourceSetTreeClassifier      : loaded 2 times (x 67B)
Class org.jetbrains.kotlin.gradle.plugin.mpp.compilationImpl.KotlinCompilationAssociator: loaded 2 times (x 67B)
Class org.jetbrains.kotlin.konan.target.UtilsKt$evaluatePresetName$1                  : loaded 2 times (x 75B)
Class org.jetbrains.kotlin.gradle.plugin.mpp.KotlinNativeTarget                       : loaded 2 times (x 164B)
Class org.jetbrains.kotlin.gradle.plugin.diagnostics.checkers.KotlinSourceSetTreeDependsOnMismatchChecker$runChecks$1: loaded 2 times (x 85B)
Class org.jetbrains.kotlin.gradle.plugin.diagnostics.checkers.PreHmppDependenciesUsageChecker$runChecks$1: loaded 2 times (x 85B)
Class org.jetbrains.kotlin.gradle.utils.ProjectExtensionsKt                           : loaded 2 times (x 68B)
Class org.jetbrains.kotlin.gradle.plugin.KotlinSourceSetTree$Companion                : loaded 2 times (x 68B)
Class org.jetbrains.kotlin.gradle.plugin.diagnostics.KotlinGradleProjectChecker$Companion: loaded 2 times (x 68B)
Class org.jetbrains.kotlin.gradle.plugin.KotlinGradleBuildServices$Parameters         : loaded 2 times (x 67B)
Class org.jetbrains.kotlin.gradle.plugin.statistics.BuildFusService$Companion$registerIfAbsent$1$1$1: loaded 2 times (x 72B)
Class org.jetbrains.kotlin.statistics.fileloggers.MetricsContainer$Companion          : loaded 2 times (x 68B)
Class org.objectweb.asm.ByteVector                                                    : loaded 2 times (x 76B)
Class [Lcom.google.common.cache.CacheBuilder$NullListener;                            : loaded 2 times (x 66B)
Class com.google.common.math.IntMath$1                                                : loaded 2 times (x 68B)
Class org.gradle.internal.classloader.VisitableURLClassLoader$Spec                    : loaded 2 times (x 71B)
Class org.gradle.internal.classpath.DefaultClassPath                                  : loaded 2 times (x 87B)
Class org.jetbrains.kotlin.gradle.plugin.mpp.compilationImpl.KotlinCompilationSourceSetInclusion$AddSourcesToCompileTask: loaded 2 times (x 67B)
Class org.jetbrains.kotlin.konan.target.Architecture                                  : loaded 2 times (x 76B)
Class [Lorg.jetbrains.kotlin.gradle.plugin.HasProject;                                : loaded 2 times (x 66B)
Class org.jetbrains.kotlin.gradle.utils.MutableObservableSetImpl                      : loaded 2 times (x 160B)
Class org.jetbrains.kotlin.gradle.tasks.KotlinTasksProvider                           : loaded 2 times (x 69B)
Class org.jetbrains.kotlin.gradle.dsl.DefaultToolchainSupport$wireToolchainToTasks$1  : loaded 2 times (x 72B)
Class org.jetbrains.kotlin.gradle.dsl.KotlinCommonCompilerOptions                     : loaded 2 times (x 67B)
Class org.jetbrains.kotlin.gradle.plugin.KotlinJsCompilerTypeHolder                   : loaded 2 times (x 67B)
Class [Lorg.jetbrains.kotlin.build.report.metrics.GradleBuildTime;                    : loaded 2 times (x 66B)
Class org.jetbrains.kotlin.gradle.internal.properties.PropertiesBuildService$MemoizedCallable: loaded 2 times (x 72B)
Class org.objectweb.asm.Symbol                                                        : loaded 2 times (x 70B)
Class org.jetbrains.kotlin.gradle.plugin.cocoapods.KotlinCocoapodsPlugin$Companion    : loaded 2 times (x 68B)
Class org.jetbrains.kotlin.gradle.plugin.mpp.compilationImpl.KotlinCompilationImpl    : loaded 2 times (x 137B)
Class [Lorg.jetbrains.kotlin.gradle.plugin.mpp.compilationImpl.factory.KotlinCompilationImplFactory$PostConfigure;: loaded 2 times (x 66B)
Class org.jetbrains.kotlin.konan.target.KonanTarget$MACOS_X64                         : loaded 2 times (x 75B)
Class org.jetbrains.kotlin.gradle.plugin.KotlinSourceSet$Companion                    : loaded 2 times (x 68B)
Class org.jetbrains.kotlin.konan.util.Named                                           : loaded 2 times (x 67B)
Class [Lorg.jetbrains.kotlin.gradle.report.BuildReportMode;                           : loaded 2 times (x 66B)
Class org.jetbrains.kotlin.statistics.metrics.BooleanOverridePolicy                   : loaded 2 times (x 82B)
Class com.google.common.base.CharMatcher$BitSetMatcher                                : loaded 2 times (x 109B)
Class com.google.common.collect.RegularImmutableMap$Values                            : loaded 2 times (x 204B)
Class com.google.common.collect.ImmutableSet                                          : loaded 2 times (x 142B)
Class org.jetbrains.kotlin.gradle.plugin.AbstractKotlinAndroidPluginWrapper           : loaded 2 times (x 83B)
Class org.gradle.internal.classloader.ClassLoaderSpec                                 : loaded 2 times (x 68B)
Class org.jetbrains.kotlin.gradle.plugin.mpp.KotlinCompilationsKt$moduleNameForCompilation$1: loaded 2 times (x 72B)
Class org.jetbrains.kotlin.gradle.plugin.sources.KotlinDependencyScopeKt              : loaded 2 times (x 68B)
Class org.jetbrains.kotlin.gradle.plugin.diagnostics.TransformActionUsingKotlinToolingDiagnostics$Parameters: loaded 2 times (x 67B)
Class org.jetbrains.kotlin.compilerRunner.CompilerSystemPropertiesService$Companion$registerIfAbsent$2$1: loaded 2 times (x 76B)
Class org.jetbrains.kotlin.gradle.plugin.mpp.KotlinCompilationsKt$addSourcesToKotlinCompileTask$1: loaded 2 times (x 72B)
Class org.jetbrains.kotlin.gradle.internal.KotlinDependenciesManagementKt$configureDefaultVersionsResolutionStrategy$1$1: loaded 2 times (x 72B)
Class org.jetbrains.kotlin.gradle.utils.KotlinExtensionUtilsKt$forAllTargets$1        : loaded 2 times (x 92B)
Class org.jetbrains.kotlin.gradle.plugin.diagnostics.CheckKotlinGradlePluginConfigurationErrorsKt$locateOrRegisterCheckKotlinGradlePluginErrorsTask$taskProvider$1: loaded 2 times (x 72B)
Class org.jetbrains.kotlin.gradle.plugin.diagnostics.checkers.OverriddenKotlinNativeHomeChecker$StdlibExistenceCheckerValueSource$Params: loaded 2 times (x 67B)
Class org.jetbrains.kotlin.gradle.dsl.PlatformSourceSetConventionsChecker$nativeTargetPresets$1$1: loaded 2 times (x 76B)
Class org.jetbrains.kotlin.gradle.tooling.BuildKotlinToolingMetadataTaskKt$buildKotlinToolingMetadataTask$1: loaded 2 times (x 75B)
Class org.jetbrains.kotlin.gradle.internal.Kapt3GradleSubplugin$Companion             : loaded 2 times (x 68B)
Class org.jetbrains.kotlin.gradle.plugin.mpp.compilationImpl.KotlinCreateCompilationArchiveTaskKt$KotlinRegisterCompilationArchiveTasksExtension$1: loaded 2 times (x 71B)
Class [Lorg.jetbrains.kotlin.statistics.metrics.NumberOverridePolicy;                 : loaded 2 times (x 66B)
Class org.jetbrains.kotlin.gradle.internal.properties.PropertiesBuildService$GradleProperty: loaded 2 times (x 67B)
Class org.jetbrains.kotlin.gradle.utils.StoredPropertyKt$projectStoredProperty$1      : loaded 2 times (x 75B)
Class org.objectweb.asm.AnnotationWriter                                              : loaded 2 times (x 76B)
Class com.google.common.cache.CacheStats                                              : loaded 2 times (x 68B)
Class org.jetbrains.kotlin.gradle.plugin.mpp.SyncLanguageSettingsWithKotlinExtensionSetupActionKt$SyncLanguageSettingsWithKotlinExtensionSetupAction$1$1: loaded 2 times (x 72B)
Class org.jetbrains.kotlin.gradle.tasks.configuration.TaskConfigAction$configureTask$1: loaded 2 times (x 76B)
Class org.jetbrains.kotlin.gradle.plugin.diagnostics.checkers.DuplicateSourceSetChecker$runChecks$1: loaded 2 times (x 85B)
Class org.jetbrains.kotlin.gradle.plugin.diagnostics.ToolingDiagnostic$Severity       : loaded 2 times (x 76B)
Class org.jetbrains.kotlin.gradle.dsl.JvmTarget                                       : loaded 2 times (x 76B)
Class org.jetbrains.kotlin.gradle.internal.ClassLoadersCachingBuildService            : loaded 2 times (x 73B)
Class org.jetbrains.kotlin.gradle.plugin.VariantImplementationFactories$Inject        : loaded 2 times (x 103B)
Class org.jetbrains.kotlin.gradle.plugin.VariantImplementationFactoriesConfigurator$Companion: loaded 2 times (x 68B)
Class org.objectweb.asm.RecordComponentWriter                                         : loaded 2 times (x 75B)
Class com.google.common.util.concurrent.AbstractFuture$Listener                       : loaded 2 times (x 69B)
Class com.google.common.base.CharMatcher$Or                                           : loaded 2 times (x 109B)
Class Settings_gradle$1$1                                                             : loaded 2 times (x 71B)
Class org.jetbrains.kotlin.gradle.plugin.mpp.SyncLanguageSettingsWithKotlinExtensionSetupActionKt$SyncLanguageSettingsWithKotlinExtensionSetupAction$1$2: loaded 2 times (x 72B)
Class org.jetbrains.kotlin.gradle.plugin.internal.BuildIdService$Companion            : loaded 2 times (x 68B)
Class org.jetbrains.kotlin.gradle.plugin.diagnostics.checkers.OverriddenKotlinNativeHomeChecker$StdlibExistenceCheckerValueSource$Companion: loaded 2 times (x 68B)
Class org.jetbrains.kotlin.gradle.targets.js.dsl.KotlinWasmSubTargetContainerDsl      : loaded 2 times (x 67B)
Class org.jetbrains.kotlin.gradle.plugin.diagnostics.checkers.WasmWasiEnvironmentChecker$1: loaded 2 times (x 75B)
Class org.jetbrains.kotlin.gradle.plugin.diagnostics.checkers.DisabledCinteropCommonizationInHmppProjectChecker: loaded 2 times (x 71B)
Class org.jetbrains.kotlin.gradle.plugin.diagnostics.checkers.NoKotlinTargetsDeclaredChecker: loaded 2 times (x 71B)
Class org.jetbrains.kotlin.gradle.utils.StoredPropertyStorage                         : loaded 2 times (x 69B)
Class org.jetbrains.kotlin.gradle.plugin.KotlinSourceSetContainer                     : loaded 2 times (x 67B)
Class org.objectweb.asm.Attribute                                                     : loaded 2 times (x 74B)
Class com.google.common.base.Supplier                                                 : loaded 2 times (x 67B)
Class org.gradle.internal.classloader.VisitableURLClassLoader                         : loaded 2 times (x 114B)
Class org.jetbrains.kotlin.gradle.dsl.KotlinCommonCompilerOptionsDefault              : loaded 2 times (x 93B)
Class org.jetbrains.kotlin.gradle.plugin.statistics.plugins.ObservablePlugins         : loaded 2 times (x 76B)
Class org.jetbrains.kotlin.gradle.plugin.sources.InternalKotlinSourceSetKt$awaitPlatformCompilations$1: loaded 2 times (x 85B)
Class [Lorg.jetbrains.kotlin.gradle.plugin.sources.KotlinDependencyScope;             : loaded 2 times (x 66B)
Class org.jetbrains.kotlin.gradle.tasks.configuration.BaseKotlinCompileConfig$configureCommonParameters$1: loaded 2 times (x 71B)
Class org.jetbrains.kotlin.gradle.plugin.mpp.compilationImpl.factory.ConfigurationNaming: loaded 2 times (x 67B)
Class org.jetbrains.kotlin.gradle.plugin.mpp.compilationImpl.DefaultKotlinCompilationPostConfigureKt: loaded 2 times (x 68B)
Class org.jetbrains.kotlin.konan.target.KonanTarget$WATCHOS_X64                       : loaded 2 times (x 75B)
Class org.jetbrains.kotlin.gradle.plugin.diagnostics.KotlinGradleProjectCheckersRunnerKt: loaded 2 times (x 68B)
Class [Lorg.jetbrains.kotlin.tooling.core.HasExtras;                                  : loaded 2 times (x 66B)
Class org.jetbrains.kotlin.gradle.plugin.diagnostics.checkers.IncorrectCompileOnlyDependenciesChecker: loaded 2 times (x 71B)
Class org.jetbrains.kotlin.gradle.plugin.diagnostics.checkers.WasmWasiEnvironmentChecker$2: loaded 2 times (x 75B)
Class org.jetbrains.kotlin.gradle.dsl.DefaultToolchainSupport$wireToolchainToTasks$1$1: loaded 2 times (x 72B)
Class org.jetbrains.kotlin.gradle.utils.SingleActionPerProject                        : loaded 2 times (x 70B)
Class org.jetbrains.kotlin.gradle.plugin.DefaultKotlinBasePlugin                      : loaded 2 times (x 79B)
Class org.gradle.internal.Cast                                                        : loaded 2 times (x 68B)
Class org.gradle.api.Action                                                           : loaded 2 times (x 67B)
Class org.jetbrains.kotlin.gradle.tasks.configuration.BaseKotlinCompileConfig$configureCommonParameters$2: loaded 2 times (x 72B)
Class org.jetbrains.kotlin.gradle.plugin.mpp.compilationImpl.KotlinCompilationCompilerOptionsFromTargetConfigurator: loaded 2 times (x 71B)
Class com.google.common.base.Strings                                                  : loaded 2 times (x 68B)
Class org.jetbrains.kotlin.gradle.utils.FailuresKt$ideaSyncClasspathModeUtil$1        : loaded 2 times (x 69B)
Class org.jetbrains.kotlin.gradle.plugin.diagnostics.KotlinToolingDiagnosticsCollector$Inject: loaded 2 times (x 93B)
Class org.jetbrains.kotlin.gradle.artifacts.KotlinJsKlibArtifactKt                    : loaded 2 times (x 68B)
Class org.jetbrains.kotlin.gradle.dsl.KotlinTargetContainerWithWasmPresetFunctions    : loaded 2 times (x 67B)
Class org.jetbrains.kotlin.gradle.plugin.GradleUtilsKt                                : loaded 2 times (x 68B)
Class org.jetbrains.kotlin.gradle.internal.properties.PropertiesBuildService          : loaded 2 times (x 73B)
Class com.google.common.collect.Sets                                                  : loaded 2 times (x 68B)
Class org.objectweb.asm.Handler                                                       : loaded 2 times (x 69B)
Class com.google.common.base.Ticker                                                   : loaded 2 times (x 69B)
Class com.google.common.base.CharMatcher$FastMatcher                                  : loaded 2 times (x 108B)
Class org.jetbrains.kotlin.gradle.plugin.diagnostics.KotlinToolingDiagnosticsCollector: loaded 2 times (x 73B)
Class org.jetbrains.kotlin.gradle.plugin.mpp.compilationImpl.KotlinCreateCompilationArchiveTaskKt: loaded 2 times (x 68B)
Class org.jetbrains.kotlin.tooling.core.MutableExtrasImpl                             : loaded 2 times (x 162B)
Class org.jetbrains.kotlin.gradle.plugin.statistics.KotlinBuildStatsMXBean            : loaded 2 times (x 67B)
Class org.jetbrains.kotlin.gradle.utils.FileUtilsKt                                   : loaded 2 times (x 68B)
Class [Lcom.google.common.cache.LocalCache$Segment;                                   : loaded 2 times (x 66B)
Class [Lcom.google.common.cache.LocalCache$Strength;                                  : loaded 2 times (x 66B)
Class com.google.common.cache.CacheBuilder$1                                          : loaded 2 times (x 82B)
Class com.google.common.base.Predicate                                                : loaded 2 times (x 67B)
Class com.google.common.collect.ImmutableMap                                          : loaded 2 times (x 117B)
Class org.gradle.internal.classpath.DefaultClassPath$ImmutableUniqueList$Builder      : loaded 2 times (x 72B)
Class org.jetbrains.kotlin.gradle.plugin.mpp.KotlinCompilationFactory$DefaultImpls    : loaded 2 times (x 68B)
Class com.google.common.collect.AbstractRangeSet                                      : loaded 2 times (x 111B)
Class org.jetbrains.kotlin.gradle.plugin.diagnostics.checkers.InternalGradlePropertiesUsageChecker: loaded 2 times (x 71B)
Class org.jetbrains.kotlin.gradle.plugin.mpp.compilationImpl.CreateCInteropTasksSideEffectKt: loaded 2 times (x 68B)
Class org.jetbrains.kotlin.gradle.testing.internal.KotlinTestsRegistry$Companion      : loaded 2 times (x 68B)
Class org.jetbrains.kotlin.gradle.dsl.KotlinCommonCompilerToolOptions                 : loaded 2 times (x 67B)
Class org.jetbrains.kotlin.gradle.internal.properties.PropertiesBuildService$Companion$registerIfAbsent$1: loaded 2 times (x 72B)
Class org.jetbrains.kotlin.gradle.plugin.internal.DefaultConfigurationCacheStartParameterAccessorVariantFactory: loaded 2 times (x 73B)
Class com.google.common.cache.LocalCache                                              : loaded 2 times (x 184B)
Class com.google.common.cache.CacheBuilder$2                                          : loaded 2 times (x 76B)
Class com.google.common.base.CharMatcher$NegatedFastMatcher                           : loaded 2 times (x 110B)
Class Build_gradle$inlined$sam$i$org_gradle_api_Action$0                              : loaded 2 times (x 72B)
Class org.jetbrains.kotlin.gradle.plugin.mpp.compilationImpl.DefaultKotlinCompilationSourceSetsContainer$source$1: loaded 2 times (x 76B)
Class org.jetbrains.kotlin.gradle.internal.KotlinTestDependencyManagementKt           : loaded 2 times (x 68B)
Class org.jetbrains.kotlin.konan.target.KonanTarget$ANDROID_X64                       : loaded 2 times (x 75B)
Class [Lorg.jetbrains.kotlin.gradle.plugin.sources.ConsistencyCheck;                  : loaded 2 times (x 66B)
Class org.jetbrains.kotlin.gradle.report.ReportingSettings                            : loaded 2 times (x 69B)
Class org.jetbrains.kotlin.statistics.metrics.StringAnonymizationPolicy$ComponentVersionAnonymizer: loaded 2 times (x 75B)
Class com.google.common.collect.ArrayListMultimap                                     : loaded 2 times (x 169B)
Class com.google.common.cache.CacheBuilder$3                                          : loaded 2 times (x 69B)
Class [Lcom.google.common.collect.AbstractMapEntry;                                   : loaded 2 times (x 66B)
Class com.google.common.collect.ImmutableEntry                                        : loaded 2 times (x 79B)
Class org.jetbrains.kotlin.gradle.plugin.KotlinBasePluginWrapper                      : loaded 2 times (x 83B)
Class org.gradle.api.GradleException                                                  : loaded 2 times (x 79B)
Class org.jetbrains.kotlin.gradle.plugin.diagnostics.KotlinToolingDiagnostics$JsEnvironmentNotChosenExplicitly: loaded 2 times (x 70B)
Class org.jetbrains.kotlin.gradle.plugin.ProjectLocalConfigurations$ProjectLocalCompatibility: loaded 2 times (x 73B)
Class org.jetbrains.kotlin.gradle.dsl.KotlinJvmCompilerOptions                        : loaded 2 times (x 67B)
Class org.jetbrains.kotlin.gradle.plugin.internal.DefaultProjectIsolationStartParameterAccessor$Factory: loaded 2 times (x 73B)
Class com.google.common.collect.CollectPreconditions                                  : loaded 2 times (x 68B)
Class org.jetbrains.kotlin.gradle.plugin.KotlinPluginLifecycleImpl$launch$1           : loaded 2 times (x 76B)
Class org.jetbrains.kotlin.konan.target.HostManager$Companion$targetAliases$2         : loaded 2 times (x 75B)
Class org.jetbrains.kotlin.gradle.utils.Completable                                   : loaded 2 times (x 69B)
Class org.jetbrains.kotlin.gradle.plugin.DefaultKotlinBasePlugin$addKotlinCompilerConfiguration$2$1: loaded 2 times (x 72B)
Class org.jetbrains.kotlin.gradle.plugin.statistics.KotlinBuildStatsServicesRegistry$Companion: loaded 2 times (x 68B)
Class org.jetbrains.kotlin.gradle.plugin.internal.DefaultCompatibilityConventionRegistrar$Factory: loaded 2 times (x 73B)
Class com.google.common.collect.SortedMapDifference                                   : loaded 2 times (x 67B)
Class Build_gradle$1$1                                                                : loaded 2 times (x 75B)
Class org.jetbrains.kotlin.gradle.plugin.diagnostics.checkers.IncorrectCompileOnlyDependenciesChecker$runChecks$1: loaded 2 times (x 85B)
Class org.jetbrains.kotlin.gradle.plugin.mpp.KotlinOnlyTarget                         : loaded 2 times (x 150B)
Class org.jetbrains.kotlin.gradle.targets.js.npm.BaseNpmDependencyExtension           : loaded 2 times (x 67B)
Class org.jetbrains.kotlin.gradle.dsl.KotlinVersion$Companion                         : loaded 2 times (x 68B)
Class org.jetbrains.kotlin.gradle.InternalKotlinGradlePluginApi                       : loaded 2 times (x 67B)
Class org.jetbrains.kotlin.gradle.dsl.DefaultToolchainSupport                         : loaded 2 times (x 73B)
Class org.jetbrains.kotlin.gradle.plugin.internal.CustomPropertiesFileValueSource     : loaded 2 times (x 79B)
Class com.google.common.cache.LocalCache$EntryFactory                                 : loaded 2 times (x 80B)
Class org.jetbrains.kotlin.gradle.plugin.cocoapods.KotlinCocoapodsPlugin              : loaded 2 times (x 73B)
Class org.jetbrains.kotlin.gradle.internal.CompilerOptionsDslHelpersKt                : loaded 2 times (x 68B)
Class org.jetbrains.kotlin.gradle.internal.StdlibDependencyManagementKt$configureStdlibVersionAlignment$1$1: loaded 2 times (x 72B)
Class org.jetbrains.kotlin.gradle.dsl.KotlinProjectExtension$awaitSourceSets$1        : loaded 2 times (x 85B)
Class org.jetbrains.kotlin.gradle.plugin.KotlinPluginLifecycle$CoroutineStart         : loaded 2 times (x 76B)
Class org.jetbrains.kotlin.konan.target.Family                                        : loaded 2 times (x 76B)
Class org.jetbrains.kotlin.gradle.tasks.TasksProviderKt$sam$org_gradle_api_Action$0   : loaded 2 times (x 72B)
Class org.jetbrains.kotlin.gradle.tooling.BuildKotlinToolingMetadataTask$FromKotlinExtension: loaded 2 times (x 314B)
Class org.jetbrains.kotlin.gradle.utils.FailuresKt                                    : loaded 2 times (x 68B)
Class org.jetbrains.kotlin.gradle.targets.native.internal.CInteropConfigurationsKt$special$$inlined$KotlinTargetSideEffect$1: loaded 2 times (x 71B)
Class org.jetbrains.kotlin.gradle.internal.properties.NativePropertiesLoader$konanDataDirProperty$1: loaded 2 times (x 72B)
Class org.jetbrains.kotlin.gradle.plugin.statistics.BuildFusService$Parameters_Decorated: loaded 2 times (x 140B)
Class org.jetbrains.kotlin.gradle.internal.properties.PropertiesBuildService$Params$Inject: loaded 2 times (x 103B)
Class org.jetbrains.kotlin.tooling.core.HasMutableExtras                              : loaded 2 times (x 67B)
Class com.google.common.cache.LocalCache$AbstractReferenceEntry                       : loaded 2 times (x 104B)
Class org.gradle.internal.IoActions                                                   : loaded 2 times (x 68B)
Class org.jetbrains.kotlin.gradle.internal.Kapt3KotlinGradleSubpluginKt               : loaded 2 times (x 68B)
Class org.jetbrains.kotlin.gradle.dsl.KotlinJvmCompile                                : loaded 2 times (x 67B)
Class com.google.common.collect.ImmutableRangeSet$ComplementRanges                    : loaded 2 times (x 204B)
Class org.jetbrains.kotlin.konan.target.KonanTarget$LINUX_ARM32_HFP                   : loaded 2 times (x 75B)
Class org.jetbrains.kotlin.gradle.internal.Kapt3GradleSubplugin                       : loaded 2 times (x 80B)
Class org.jetbrains.kotlin.gradle.plugin.diagnostics.checkers.CInteropInputChecker    : loaded 2 times (x 71B)
Class org.jetbrains.kotlin.gradle.plugin.statistics.FinalizeConfigurationFusMetricActionKt$FinalizeConfigurationFusMetricAction$1: loaded 2 times (x 92B)
Class org.jetbrains.kotlin.gradle.internal.KotlinDependenciesManagementKt$CustomizeKotlinDependenciesSetupAction$1: loaded 2 times (x 71B)
Class org.jetbrains.kotlin.gradle.plugin.KotlinGradlePluginExtensionPointInternal$registeredExtensions$2: loaded 2 times (x 75B)
Class org.jetbrains.kotlin.statistics.metrics.BooleanOverridePolicy$OR                : loaded 2 times (x 82B)
Class org.jetbrains.kotlin.gradle.plugin.UsesVariantImplementationFactories           : loaded 2 times (x 67B)
Class org.objectweb.asm.SymbolTable                                                   : loaded 2 times (x 69B)
Class com.google.common.cache.CacheLoader$InvalidCacheLoadException                   : loaded 2 times (x 79B)
Class com.google.common.collect.ImmutableSet$RegularSetBuilderImpl                    : loaded 2 times (x 74B)
Class org.gradle.internal.classloader.SystemClassLoaderSpec                           : loaded 2 times (x 68B)
Class org.jetbrains.kotlin.gradle.tasks.configuration.BaseKotlinCompileConfig$1$1     : loaded 2 times (x 72B)
Class org.jetbrains.kotlin.gradle.plugin.mpp.compilationImpl.factory.KotlinCompilationImplFactory$PostConfigure: loaded 2 times (x 67B)
Class org.jetbrains.kotlin.gradle.utils.KotlinExtensionUtilsKt                        : loaded 2 times (x 68B)
Class [Lorg.jetbrains.kotlin.konan.util.Named;                                        : loaded 2 times (x 66B)
Class org.jetbrains.kotlin.gradle.plugin.diagnostics.checkers.NoKotlinTargetsDeclaredChecker$runChecks$1: loaded 2 times (x 85B)
Class org.jetbrains.kotlin.gradle.plugin.mpp.AbstractKotlinTarget$kotlinComponents$2  : loaded 2 times (x 76B)
Class org.jetbrains.kotlin.gradle.plugin.KotlinPlatformType$CompatibilityRule         : loaded 2 times (x 73B)
Class org.jetbrains.kotlin.gradle.internal.properties.NativePropertiesLoader$actualNativeHomeDirectory$1: loaded 2 times (x 72B)
Class org.jetbrains.kotlin.gradle.internal.properties.NativePropertiesKt              : loaded 2 times (x 68B)
Class org.jetbrains.kotlin.gradle.plugin.BuildEventsListenerRegistryHolder            : loaded 2 times (x 69B)
Class [Lorg.jetbrains.kotlin.statistics.metrics.BooleanOverridePolicy;                : loaded 2 times (x 66B)
Class org.jetbrains.kotlin.gradle.plugin.internal.CustomPropertiesFileValueSource$Parameters$Inject: loaded 2 times (x 103B)
Class com.google.common.cache.LocalCache$StrongEntry                                  : loaded 2 times (x 105B)
Class com.google.common.util.concurrent.AbstractFuture$TrustedFuture                  : loaded 2 times (x 111B)
Class com.google.common.cache.LoadingCache                                            : loaded 2 times (x 67B)
Class org.jetbrains.kotlin.gradle.tasks.configuration.BaseKotlinCompileConfig$registerBuildToolsApiTransformations$1: loaded 2 times (x 72B)
Class org.jetbrains.kotlin.gradle.plugin.internal.BuildIdService                      : loaded 2 times (x 73B)
Class org.jetbrains.kotlin.gradle.plugin.mpp.compilationImpl.factory.KotlinCompilationDependencyConfigurationsFactoriesKt: loaded 2 times (x 68B)
Class org.jetbrains.kotlin.gradle.plugin.mpp.compilationImpl.DefaultKotlinCompilationFriendPathsResolver: loaded 2 times (x 72B)
Class org.jetbrains.kotlin.gradle.plugin.diagnostics.checkers.WasmSourceSetsNotFoundChecker$runChecks$1: loaded 2 times (x 85B)
Class org.jetbrains.kotlin.konan.target.KonanTarget$IOS_SIMULATOR_ARM64               : loaded 2 times (x 75B)
Class org.jetbrains.kotlin.gradle.plugin.mpp.compilationImpl.KotlinCreateCompilationArchiveTaskKt$KotlinCreateCompilationArchivesTask$1: loaded 2 times (x 71B)
Class org.jetbrains.kotlin.gradle.dsl.KotlinVersion                                   : loaded 2 times (x 76B)
Class org.jetbrains.kotlin.gradle.internal.properties.NativePropertiesLoader$actualNativeHomeDirectory$2: loaded 2 times (x 71B)
Class org.jetbrains.kotlin.gradle.utils.StoredPropertyKt                              : loaded 2 times (x 68B)
Class org.objectweb.asm.MethodWriter                                                  : loaded 2 times (x 103B)
Class [Lcom.google.common.cache.Weigher;                                              : loaded 2 times (x 66B)
Class com.google.common.collect.RegularImmutableMap$BucketOverflowException           : loaded 2 times (x 79B)
Class org.jetbrains.kotlin.gradle.plugin.sources.KotlinDependencyScope$Companion      : loaded 2 times (x 68B)
Class org.jetbrains.kotlin.gradle.tasks.configuration.BaseKotlinCompileConfig$registerBuildToolsApiTransformations$2: loaded 2 times (x 72B)
Class org.jetbrains.kotlin.gradle.tasks.KotlinJvmCompile                              : loaded 2 times (x 67B)
Class org.jetbrains.kotlin.gradle.plugin.mpp.compilationImpl.KotlinCompilationSourceSetsContainerKt: loaded 2 times (x 68B)
Class org.jetbrains.kotlin.gradle.plugin.KotlinPluginLifecycleKt$launchInStage$1      : loaded 2 times (x 92B)
Class org.jetbrains.kotlin.gradle.targets.NativeForwardImplementationToApiElementsSideEffectKt: loaded 2 times (x 68B)
Class org.jetbrains.kotlin.gradle.internal.properties.NativePropertiesLoader$actualNativeHomeDirectory$3: loaded 2 times (x 72B)
Class org.jetbrains.kotlin.gradle.report.BuildReportMode                              : loaded 2 times (x 76B)
Class org.jetbrains.kotlin.statistics.metrics.StringAnonymizationPolicy$RegexControlled: loaded 2 times (x 76B)
Class org.jetbrains.kotlin.statistics.ValueAnonymizer                                 : loaded 2 times (x 67B)
Class org.jetbrains.kotlin.gradle.plugin.VariantImplementationFactories$Companion$getProvider$2$1$1: loaded 2 times (x 72B)
Class org.jetbrains.kotlin.gradle.plugin.internal.ProjectIsolationStartParameterAccessor$Factory: loaded 2 times (x 67B)
Class org.jetbrains.kotlin.gradle.internal.transforms.BuildToolsApiClasspathEntrySnapshotTransform$Inject1: loaded 2 times (x 110B)
Class org.jetbrains.kotlin.gradle.plugin.mpp.compilationImpl.KotlinCompilationRegisterInSourceSetsConfigurator: loaded 2 times (x 71B)
Class org.jetbrains.kotlin.gradle.plugin.mpp.compilationImpl.factory.DefaultKotlinCompilationTaskNamesContainerFactory: loaded 2 times (x 71B)
Class org.jetbrains.kotlin.gradle.targets.native.internal.CommonizerTasksKt           : loaded 2 times (x 68B)
Class [Lorg.jetbrains.kotlin.gradle.targets.js.npm.NpmDependency$Scope;               : loaded 2 times (x 66B)
Class org.jetbrains.kotlin.gradle.plugin.KotlinCompilerPluginSupportPlugin            : loaded 2 times (x 67B)
Class org.jetbrains.kotlin.gradle.plugin.mpp.AbstractKotlinTarget$components$2        : loaded 2 times (x 76B)
Class org.jetbrains.kotlin.gradle.plugin.mpp.KotlinUsages$setupAttributesMatchingStrategy$1: loaded 2 times (x 71B)
Class org.jetbrains.kotlin.gradle.utils.AndroidPluginIdsKt                            : loaded 2 times (x 68B)
Class com.google.common.collect.RegularImmutableBiMap                                 : loaded 2 times (x 146B)
Class com.google.common.cache.LocalCache$ValueReference                               : loaded 2 times (x 67B)
Class com.google.common.base.CharMatcher$Negated                                      : loaded 2 times (x 110B)
Class com.google.common.base.CharMatcher$Is                                           : loaded 2 times (x 108B)
Class org.jetbrains.kotlin.gradle.plugin.KotlinBasePlugin                             : loaded 2 times (x 67B)
Class com.google.common.base.PatternCompiler                                          : loaded 2 times (x 67B)
Class org.jetbrains.kotlin.gradle.utils.FutureKt                                      : loaded 2 times (x 68B)
Class org.jetbrains.kotlin.gradle.logging.GradleLoggingUtilsKt                        : loaded 2 times (x 68B)
Class com.google.common.util.concurrent.AbstractFuture$Failure                        : loaded 2 times (x 69B)
Class com.google.common.base.Equivalence$Equals                                       : loaded 2 times (x 79B)
Class com.google.common.collect.Hashing                                               : loaded 2 times (x 68B)
Class com.google.common.base.Preconditions                                            : loaded 2 times (x 68B)
Class org.jetbrains.kotlin.gradle.plugin.KotlinAndroidPluginWrapper                   : loaded 2 times (x 83B)
Class [Lorg.jetbrains.kotlin.gradle.dsl.PlatformSourceSetConventionsChecker$CheckedPlatformInfo;: loaded 2 times (x 66B)
Class org.jetbrains.kotlin.gradle.plugin.diagnostics.KotlinGradleProjectCheckerContext: loaded 2 times (x 69B)
Class org.jetbrains.kotlin.gradle.plugin.diagnostics.checkers.DuplicateSourceSetChecker: loaded 2 times (x 71B)
Class org.jetbrains.kotlin.gradle.plugin.diagnostics.ToolingDiagnosticFactory         : loaded 2 times (x 70B)
Class org.jetbrains.kotlin.gradle.targets.KotlinTargetSideEffect                      : loaded 2 times (x 67B)
Class org.jetbrains.kotlin.gradle.plugin.DefaultKotlinBasePlugin$setupAttributeMatchingStrategy$1$1: loaded 2 times (x 76B)
Class org.jetbrains.kotlin.statistics.metrics.NumericalMetrics$Companion              : loaded 2 times (x 68B)
Class [Lorg.jetbrains.kotlin.statistics.metrics.NumberAnonymizationPolicy;            : loaded 2 times (x 66B)
Class org.jetbrains.kotlin.statistics.metrics.NumberOverridePolicy$OVERRIDE           : loaded 2 times (x 82B)
Class org.jetbrains.kotlin.gradle.internal.properties.PropertiesBuildService$property$1: loaded 2 times (x 76B)
Class com.google.common.base.Joiner$1                                                 : loaded 2 times (x 77B)
Class org.objectweb.asm.Label                                                         : loaded 2 times (x 70B)
Class org.objectweb.asm.CurrentFrame                                                  : loaded 2 times (x 70B)
Class org.objectweb.asm.ClassTooLargeException                                        : loaded 2 times (x 80B)
Class com.google.common.base.CharMatcher                                              : loaded 2 times (x 108B)
Class com.google.common.collect.PeekingIterator                                       : loaded 2 times (x 67B)
Class build_2qdy319kyed0exnwrp05shh4e$_run_closure1$_closure2                         : loaded 2 times (x 136B)
Class org.jetbrains.kotlin.gradle.tasks.KotlinCompilationTask                         : loaded 2 times (x 67B)
Class org.jetbrains.kotlin.gradle.plugin.mpp.compilationImpl.factory.KotlinCompilationImplFactory$ProcessResourcesTaskNameFactory: loaded 2 times (x 67B)
Class com.google.common.collect.RangeGwtSerializationDependencies                     : loaded 2 times (x 68B)
Class org.jetbrains.kotlin.gradle.internal.properties.PropertiesBuildService$property$2: loaded 2 times (x 76B)
Class org.jetbrains.kotlin.gradle.internal.KotlinDependenciesManagementKt             : loaded 2 times (x 68B)
Class org.jetbrains.kotlin.gradle.plugin.DefaultKotlinBasePlugin$setupAttributeMatchingStrategy$1$2: loaded 2 times (x 76B)
Class org.jetbrains.kotlin.gradle.plugin.statistics.KotlinBuildStatsLoggerService     : loaded 2 times (x 69B)
Class org.jetbrains.kotlin.gradle.plugin.internal.CustomPropertiesFileValueSource$Inject: loaded 2 times (x 110B)
Class com.google.common.base.Joiner$2                                                 : loaded 2 times (x 76B)
Class org.objectweb.asm.Frame                                                         : loaded 2 times (x 70B)
Class org.objectweb.asm.MethodVisitor                                                 : loaded 2 times (x 102B)
Class com.google.common.cache.LocalCache$EntryFactory$1                               : loaded 2 times (x 80B)
Class [Lcom.google.common.cache.RemovalListener;                                      : loaded 2 times (x 66B)
Class com.google.common.base.CharMatcher$NamedFastMatcher                             : loaded 2 times (x 109B)
Class com.google.common.base.CharMatcher$1                                            : loaded 2 times (x 110B)
Class org.jetbrains.kotlin.gradle.plugin.mpp.InternalKotlinTargetKt$special$$inlined$extrasStoredFuture$1: loaded 2 times (x 76B)
Class org.jetbrains.kotlin.tooling.core.ExtrasProperty                                : loaded 2 times (x 67B)
Class org.jetbrains.kotlin.compilerRunner.UsesCompilerSystemPropertiesService         : loaded 2 times (x 67B)
Class org.jetbrains.kotlin.gradle.plugin.mpp.compilationImpl.KotlinCompilationSourceSetInclusion$Companion: loaded 2 times (x 68B)
Class com.google.common.collect.RangeSet                                              : loaded 2 times (x 67B)
Class org.jetbrains.kotlin.konan.target.KonanTarget$WATCHOS_DEVICE_ARM64              : loaded 2 times (x 75B)
Class org.jetbrains.kotlin.gradle.plugin.diagnostics.checkers.MissingNativeStdlibChecker$runChecks$1: loaded 2 times (x 85B)
Class [Lorg.jetbrains.kotlin.gradle.plugin.sources.android.AndroidVariantType;        : loaded 2 times (x 66B)
Class org.jetbrains.kotlin.gradle.plugin.sources.android.AndroidVariantType           : loaded 2 times (x 76B)
Class org.jetbrains.kotlin.gradle.plugin.mpp.KotlinTargetSoftwareComponent            : loaded 2 times (x 86B)
Class org.jetbrains.kotlin.gradle.plugin.mpp.KotlinVariant                            : loaded 2 times (x 98B)
Class org.jetbrains.kotlin.gradle.targets.native.ConfigureFrameworkExportSideEffectKt : loaded 2 times (x 68B)
Class org.jetbrains.kotlin.gradle.utils.WhenPluginEnabledKt                           : loaded 2 times (x 68B)
Class org.jetbrains.kotlin.gradle.plugin.VariantImplementationFactories               : loaded 2 times (x 72B)
Class com.google.common.cache.LocalCache$EntryFactory$2                               : loaded 2 times (x 80B)
Class org.gradle.api.internal.classpath.GlobalCacheRootsProvider                      : loaded 2 times (x 67B)
Class org.jetbrains.kotlin.tooling.core.Extras$Entry$Companion                        : loaded 2 times (x 68B)
Class com.google.common.collect.CollectCollectors                                     : loaded 2 times (x 68B)
Class org.jetbrains.kotlin.gradle.targets.js.dsl.KotlinWasmWasiTargetDsl              : loaded 2 times (x 67B)
Class org.jetbrains.kotlin.gradle.plugin.diagnostics.checkers.DisabledNativeTargetsChecker: loaded 2 times (x 71B)
Class org.jetbrains.kotlin.gradle.plugin.mpp.compilationImpl.KotlinCreateSourcesJarTaskSideEffectKt$KotlinCreateSourcesJarTaskSideEffect$1: loaded 2 times (x 71B)
Class org.jetbrains.kotlin.gradle.internal.CompilerArgumentAware                      : loaded 2 times (x 67B)
Class org.jetbrains.kotlin.gradle.utils.ReportUtilsKt                                 : loaded 2 times (x 68B)
Class org.jetbrains.kotlin.gradle.utils.StoredLazyProperty                            : loaded 2 times (x 72B)
Class org.objectweb.asm.ModuleWriter                                                  : loaded 2 times (x 79B)
Class com.google.common.cache.LocalCache$EntryFactory$3                               : loaded 2 times (x 80B)
Class com.google.common.base.Ticker$1                                                 : loaded 2 times (x 69B)
Class com.google.common.collect.Maps$BiMapConverter                                   : loaded 2 times (x 87B)
Class com.google.common.collect.ImmutableMapEntrySet$RegularEntrySet                  : loaded 2 times (x 149B)
Class Native_plugin_loader_gradle$NativePluginLoader                                  : loaded 2 times (x 69B)
Class com.google.common.collect.SetMultimap                                           : loaded 2 times (x 67B)
Class org.jetbrains.kotlin.gradle.dsl.AndroidMainSourceSetConventionsChecker$runChecks$1: loaded 2 times (x 85B)
Class org.jetbrains.kotlin.gradle.plugin.sources.FragmentConsistencyChecks            : loaded 2 times (x 69B)
Class org.jetbrains.kotlin.gradle.plugin.mpp.InternalKotlinTargetComponent            : loaded 2 times (x 90B)
Class org.jetbrains.kotlin.gradle.targets.CreateDefaultTestRunSideEffectKt$special$$inlined$KotlinTargetSideEffect$1: loaded 2 times (x 71B)
Class org.jetbrains.kotlin.gradle.utils.ProviderApiUtilsKt                            : loaded 2 times (x 68B)
Class org.jetbrains.kotlin.gradle.internal.properties.NativePropertiesLoader$forceDisableRunningInProcess$1: loaded 2 times (x 72B)
Class org.jetbrains.kotlin.gradle.utils.PersistentCachesKt                            : loaded 2 times (x 68B)
Class org.jetbrains.kotlin.gradle.internal.tasks.TaskWithLocalState                   : loaded 2 times (x 67B)
Class org.jetbrains.kotlin.gradle.plugin.statistics.KotlinBuildStatisticsUtilsKt      : loaded 2 times (x 68B)
Class org.jetbrains.kotlin.statistics.metrics.BooleanMetrics                          : loaded 2 times (x 77B)
Class org.jetbrains.kotlin.gradle.internal.properties.PropertiesBuildService$Params   : loaded 2 times (x 67B)
Class com.google.common.cache.LocalCache$EntryFactory$4                               : loaded 2 times (x 80B)
Class com.google.common.base.CharMatcher$InRange                                      : loaded 2 times (x 108B)
Class com.google.common.collect.ImmutableSet$Builder                                  : loaded 2 times (x 82B)
Class org.jetbrains.kotlin.gradle.plugin.sources.KotlinDependencyScopeKt$WhenMappings : loaded 2 times (x 68B)
Class org.jetbrains.kotlin.gradle.tasks.K2MultiplatformCompilationTask                : loaded 2 times (x 67B)
Class org.jetbrains.kotlin.gradle.plugin.diagnostics.checkers.OverriddenKotlinNativeHomeChecker$StdlibExistenceCheckerValueSource$Inject: loaded 2 times (x 106B)
Class org.jetbrains.kotlin.gradle.utils.ConfigurationsKt$maybeCreateDependencyScope$1 : loaded 2 times (x 75B)
Class org.jetbrains.kotlin.gradle.plugin.sources.FragmentConsistencyChecks$languageVersionCheck$1: loaded 2 times (x 76B)
Class org.jetbrains.kotlin.gradle.plugin.mpp.DecoratedKotlinCompilation               : loaded 2 times (x 188B)
Class org.jetbrains.kotlin.gradle.plugin.diagnostics.checkers.ExperimentalTryNextUsageChecker: loaded 2 times (x 71B)
Class [Lorg.jetbrains.kotlin.gradle.plugin.diagnostics.ToolingDiagnostic$Severity;    : loaded 2 times (x 66B)
Class [Lorg.jetbrains.kotlin.gradle.plugin.KotlinPlatformType;                        : loaded 2 times (x 66B)
Class org.jetbrains.kotlin.gradle.plugin.statistics.UsesBuildFusService               : loaded 2 times (x 67B)
Class org.jetbrains.kotlin.gradle.plugin.statistics.old.Pre232IdeaKotlinBuildStatsBeanService: loaded 2 times (x 92B)
Class org.jetbrains.kotlin.statistics.metrics.NumberOverridePolicy$AVERAGE            : loaded 2 times (x 82B)
Class org.jetbrains.kotlin.gradle.plugin.VariantImplementationFactories$Parameters$Inject: loaded 2 times (x 103B)
Class com.google.common.cache.LocalCache$EntryFactory$5                               : loaded 2 times (x 80B)
Class org.jetbrains.kotlin.compilerRunner.CompilerSystemPropertiesService$Companion   : loaded 2 times (x 68B)
Class org.jetbrains.kotlin.gradle.tasks.configuration.BaseKotlinCompileConfig$1       : loaded 2 times (x 76B)
Class org.jetbrains.kotlin.gradle.plugin.mpp.compilationImpl.factory.ConfigurationNaming$Default: loaded 2 times (x 72B)
Class org.jetbrains.kotlin.gradle.plugin.mpp.compilationImpl.KotlinCompilationSourceSetInclusion: loaded 2 times (x 69B)
Class org.jetbrains.kotlin.gradle.targets.jvm.KotlinJvmTarget                         : loaded 2 times (x 163B)
Class org.jetbrains.kotlin.gradle.targets.js.dsl.KotlinWasmJsTargetDsl                : loaded 2 times (x 67B)
Class org.jetbrains.kotlin.gradle.plugin.diagnostics.checkers.DisabledNativeTargetsChecker$runChecks$1: loaded 2 times (x 85B)
Class org.jetbrains.kotlin.gradle.plugin.KotlinPluginLifecycleImpl$await$2$1          : loaded 2 times (x 76B)
Class org.jetbrains.kotlin.gradle.plugin.sources.DefaultLanguageSettingsBuilder       : loaded 2 times (x 97B)
Class org.jetbrains.kotlin.gradle.plugin.sources.FragmentConsistencyChecks$languageVersionCheck$2: loaded 2 times (x 75B)
Class org.jetbrains.kotlin.gradle.targets.CreateTargetConfigurationsSideEffectKt$CreateTargetConfigurationsSideEffect$1: loaded 2 times (x 71B)
Class org.jetbrains.kotlin.gradle.dsl.KotlinTargetContainerWithPresetFunctions        : loaded 2 times (x 67B)
Class org.jetbrains.kotlin.gradle.utils.GradleConfigurationUtilsKt                    : loaded 2 times (x 68B)
Class org.jetbrains.kotlin.gradle.plugin.internal.CustomPropertiesFileValueSource$Parameters: loaded 2 times (x 67B)
Class org.jetbrains.kotlin.gradle.plugin.UsesBuildFinishedListenerService             : loaded 2 times (x 67B)
Class com.google.common.cache.LocalCache$EntryFactory$6                               : loaded 2 times (x 80B)
Class org.gradle.internal.installation.CurrentGradleInstallationLocator               : loaded 2 times (x 68B)
Class org.jetbrains.kotlin.gradle.plugin.diagnostics.UsesKotlinToolingDiagnosticsKt   : loaded 2 times (x 68B)
Class org.jetbrains.kotlin.gradle.tasks.configuration.BaseKotlinCompileConfig$2       : loaded 2 times (x 76B)
Class com.google.common.collect.Maps$KeySet                                           : loaded 2 times (x 134B)
Class org.jetbrains.kotlin.konan.target.KonanTarget$IOS_X64                           : loaded 2 times (x 75B)
Class org.jetbrains.kotlin.gradle.plugin.mpp.InternalKotlinCompilation                : loaded 2 times (x 67B)
Class org.jetbrains.kotlin.gradle.utils.WhenEvaluatedKt                               : loaded 2 times (x 68B)
Class org.jetbrains.kotlin.gradle.targets.native.internal.AddKotlinPlatformIntegersSupportLibraryKt: loaded 2 times (x 68B)
Class org.jetbrains.kotlin.gradle.plugin.AbstractKotlinJsPluginWrapper                : loaded 2 times (x 83B)
Class org.jetbrains.kotlin.gradle.plugin.KotlinPluginWrapperKt                        : loaded 2 times (x 68B)
Class com.google.common.cache.LocalCache$EntryFactory$7                               : loaded 2 times (x 80B)
Class com.google.common.collect.ImmutableSet$EmptySetBuilderImpl                      : loaded 2 times (x 73B)
Class com.google.common.collect.ImmutableList                                         : loaded 2 times (x 203B)
Class org.gradle.internal.service.DefaultServiceLocator                               : loaded 2 times (x 80B)
Class org.jetbrains.kotlin.compilerRunner.CompilerSystemPropertiesService$Companion$registerIfAbsent$1: loaded 2 times (x 72B)
Class org.jetbrains.kotlin.util.capitalizeDecapitalize.CapitalizeDecapitalizeKt       : loaded 2 times (x 68B)
Class org.jetbrains.kotlin.gradle.plugin.diagnostics.checkers.WasmJsEnvironmentChecker: loaded 2 times (x 73B)
Class org.jetbrains.kotlin.gradle.plugin.diagnostics.checkers.AndroidPluginWithoutAndroidTargetChecker: loaded 2 times (x 71B)
Class org.jetbrains.kotlin.statistics.metrics.NumberOverridePolicy                    : loaded 2 times (x 82B)
Class org.jetbrains.kotlin.statistics.metrics.StringAnonymizationPolicy$AllowedListAnonymizer$Companion: loaded 2 times (x 68B)
Class org.jetbrains.kotlin.gradle.plugin.internal.DefaultProjectIsolationStartParameterAccessor_Decorated: loaded 2 times (x 122B)
Class org.jetbrains.kotlin.gradle.plugin.internal.ProjectIsolationStartParameterAccessorKt: loaded 2 times (x 68B)
Class org.jetbrains.kotlin.gradle.testing.internal.KotlinTestsRegistry                : loaded 2 times (x 69B)
Class com.google.common.cache.LocalCache$EntryFactory$8                               : loaded 2 times (x 80B)
Class com.google.common.collect.ImmutableSet$SetBuilderImpl                           : loaded 2 times (x 73B)
Class org.gradle.internal.installation.CurrentGradleInstallation                      : loaded 2 times (x 70B)
Class org.jetbrains.kotlin.gradle.plugin.statistics.FusMetrics                        : loaded 2 times (x 67B)
Class org.jetbrains.kotlin.gradle.plugin.sources.DefaultKotlinSourceSet$special$$inlined$Iterable$1: loaded 2 times (x 76B)
Class org.jetbrains.kotlin.gradle.plugin.mpp.compilationImpl.factory.KotlinCompilationImplFactory$KotlinCompilerOptionsFactory$Options: loaded 2 times (x 69B)
Class org.jetbrains.kotlin.gradle.plugin.KotlinCompilation                            : loaded 2 times (x 67B)
Class org.jetbrains.kotlin.gradle.plugin.KotlinTargetConfiguratorKt                   : loaded 2 times (x 68B)
Class org.jetbrains.kotlin.tooling.core.Extras$Type$Companion                         : loaded 2 times (x 68B)
Class com.google.common.cache.CacheLoader$1                                           : loaded 2 times (x 72B)
Class com.google.common.collect.ImmutableList$SubList                                 : loaded 2 times (x 206B)
Class org.gradle.util.internal.GUtil                                                  : loaded 2 times (x 68B)
Class org.jetbrains.kotlin.gradle.plugin.mpp.InternalKotlinTargetKt$isSourcesPublishableFuture$2: loaded 2 times (x 92B)
Class org.jetbrains.kotlin.gradle.plugin.mpp.KotlinCompilationFactory                 : loaded 2 times (x 67B)
Class org.jetbrains.kotlin.gradle.dsl.IosSourceSetConventionChecker$runChecks$1       : loaded 2 times (x 85B)
Class org.jetbrains.kotlin.gradle.plugin.mpp.AbstractKotlinCompilation                : loaded 2 times (x 188B)
Class org.jetbrains.kotlin.gradle.plugin.diagnostics.checkers.UnusedSourceSetsChecker : loaded 2 times (x 71B)
Class org.jetbrains.kotlin.gradle.utils.Future                                        : loaded 2 times (x 67B)
Class org.jetbrains.kotlin.gradle.plugin.statistics.KotlinBuildStatsConfiguration$Companion: loaded 2 times (x 68B)
Class com.google.common.cache.AbstractCache$StatsCounter                              : loaded 2 times (x 67B)
Class org.jetbrains.kotlin.gradle.targets.js.dsl.KotlinJsSubTargetContainerDsl        : loaded 2 times (x 67B)
Class org.jetbrains.kotlin.tooling.core.MutableExtrasImpl$Companion                   : loaded 2 times (x 68B)
Class org.jetbrains.kotlin.gradle.plugin.KotlinGradleBuildServices$Companion$registerIfAbsent$1: loaded 2 times (x 72B)
Class org.jetbrains.kotlin.statistics.fileloggers.MetricsContainer                    : loaded 2 times (x 74B)
Class org.jetbrains.kotlin.gradle.plugin.internal.ProjectIsolationStartParameterAccessor: loaded 2 times (x 67B)
Class org.jetbrains.kotlin.gradle.utils.StoredProperty                                : loaded 2 times (x 67B)
Class com.google.common.collect.Iterators$MergingIterator                             : loaded 2 times (x 78B)
Class com.google.common.collect.RegularImmutableSet                                   : loaded 2 times (x 146B)
Class org.gradle.internal.installation.GradleInstallation                             : loaded 2 times (x 72B)
Class org.jetbrains.kotlin.gradle.plugin.mpp.compilationImpl.factory.KotlinCompilationImplFactory$create$1: loaded 2 times (x 72B)
Class org.jetbrains.kotlin.gradle.tasks.KotlinJavaToolchain                           : loaded 2 times (x 67B)
Class org.jetbrains.kotlin.statistics.metrics.BooleanMetrics$Companion                : loaded 2 times (x 68B)
Class org.jetbrains.kotlin.gradle.plugin.internal.CompatibilityConventionRegistrar    : loaded 2 times (x 67B)
Class com.google.common.collect.Iterables                                             : loaded 2 times (x 68B)
Class org.jetbrains.kotlin.gradle.plugin.mpp.KotlinJvmCompilation                     : loaded 2 times (x 197B)
Class org.jetbrains.kotlin.gradle.plugin.KotlinCompilation$Companion                  : loaded 2 times (x 68B)
Class org.jetbrains.kotlin.konan.target.KonanTarget$WATCHOS_ARM64                     : loaded 2 times (x 75B)
Class org.jetbrains.kotlin.konan.target.KonanTarget$MACOS_ARM64                       : loaded 2 times (x 75B)
Class org.jetbrains.kotlin.gradle.plugin.diagnostics.checkers.OverriddenKotlinNativeHomeChecker: loaded 2 times (x 71B)
Class org.jetbrains.kotlin.gradle.artifacts.KotlinJvmJarArtifactKt$KotlinJvmJarArtifact$1: loaded 2 times (x 71B)
Class org.jetbrains.kotlin.gradle.targets.native.SetupEmbedAndSignAppleFrameworkTaskSideEffectKt: loaded 2 times (x 68B)
Class org.jetbrains.kotlin.gradle.plugin.KotlinProjectSetupActionKt$KotlinProjectSetupCoroutine$1: loaded 2 times (x 72B)
Class org.jetbrains.kotlin.gradle.dsl.ToolchainSupport$Companion                      : loaded 2 times (x 68B)
Class org.jetbrains.kotlin.gradle.plugin.KotlinSourceSet                              : loaded 2 times (x 67B)

---------------  S Y S T E M  ---------------

OS:
 Windows 11 , 64 bit Build 26100 (10.0.26100.8521)
OS uptime: 10 days 1:58 hours
Hyper-V role detected

CPU: total 16 (initial active 16) (16 cores per cpu, 2 threads per core) family 25 model 80 stepping 0 microcode 0xa50000d, cx8, cmov, fxsr, ht, mmx, 3dnowpref, sse, sse2, sse3, ssse3, sse4a, sse4.1, sse4.2, popcnt, lzcnt, tsc, tscinvbit, avx, avx2, aes, erms, clmul, bmi1, bmi2, adx, sha, fma, vzeroupper, clflush, clflushopt, hv, rdtscp, rdpid, fsrm, f16c, cet_ss
Processor Information for processor 0
  Max Mhz: 3201, Current Mhz: 1802, Mhz Limit: 3201
Processor Information for processor 1
  Max Mhz: 3201, Current Mhz: 1882, Mhz Limit: 3201
Processor Information for processor 2
  Max Mhz: 3201, Current Mhz: 1882, Mhz Limit: 3201
Processor Information for processor 3
  Max Mhz: 3201, Current Mhz: 1802, Mhz Limit: 3201
Processor Information for processor 4
  Max Mhz: 3201, Current Mhz: 1802, Mhz Limit: 3201
Processor Information for processor 5
  Max Mhz: 3201, Current Mhz: 1802, Mhz Limit: 3201
Processor Information for processor 6
  Max Mhz: 3201, Current Mhz: 1802, Mhz Limit: 3201
Processor Information for processor 7
  Max Mhz: 3201, Current Mhz: 1802, Mhz Limit: 3201
Processor Information for processor 8
  Max Mhz: 3201, Current Mhz: 1802, Mhz Limit: 3201
Processor Information for processor 9
  Max Mhz: 3201, Current Mhz: 1882, Mhz Limit: 3201
Processor Information for processor 10
  Max Mhz: 3201, Current Mhz: 1882, Mhz Limit: 3201
Processor Information for processor 11
  Max Mhz: 3201, Current Mhz: 1802, Mhz Limit: 3201
Processor Information for processor 12
  Max Mhz: 3201, Current Mhz: 1802, Mhz Limit: 3201
Processor Information for processor 13
  Max Mhz: 3201, Current Mhz: 1802, Mhz Limit: 3201
Processor Information for processor 14
  Max Mhz: 3201, Current Mhz: 1802, Mhz Limit: 3201
Processor Information for processor 15
  Max Mhz: 3201, Current Mhz: 1802, Mhz Limit: 3201

Memory: 4k page, system-wide physical 15773M (433M free)
TotalPageFile size 48766M (AvailPageFile size 0M)
current process WorkingSet (physical memory assigned to process): 1089M, peak: 1089M
current process commit charge ("private bytes"): 2007M, peak: 2007M

vm_info: OpenJDK 64-Bit Server VM (21.0.3+-12282718-b509.11) for windows-amd64 JRE (21.0.3+-12282718-b509.11), built on 2024-08-27T17:34:15Z by "builder" with MS VC++ 16.10 / 16.11 (VS2019)

END.
